Start_Timestamp,PM2.5-Pollutant,PM2.5-Value,PM2.5-Validity,PM2.5-Verification,PM10-Pollutant,PM10-Value,PM10-Validity,PM10-Verification,NO2-Pollutant,NO2-Value,NO2-Validity,NO2-Verification,O3-Pollutant,O3-Value,O3-Validity,O3-Verification,SO2-Pollutant,SO2-Value,SO2-Validity,SO2-Verification
1357430400,6001.0,7.73,1.0,1.0,5.0,10.08,1.0,1.0,8.0,8.115,1.0,1.0,7.0,49.28,1.0,1.0,1.0,1.33,1.0,1.0
1358035200,6001.0,7.68,1.0,1.0,5.0,8.995000000000001,1.0,1.0,8.0,15.07,1.0,1.0,7.0,30.99,1.0,1.0,1.0,1.33,1.0,1.0
1358640000,6001.0,28.605,1.0,1.0,5.0,31.065,1.0,1.0,8.0,21.05,1.0,1.0,7.0,38.8,1.0,1.0,1.0,5.470000000000001,1.0,1.0
1359244800,6001.0,35.91,1.0,1.0,5.0,41.645,1.0,1.0,8.0,30.345,1.0,1.0,7.0,32.02,1.0,1.0,1.0,5.765000000000001,1.0,1.0
1359849600,6001.0,7.140000000000001,1.0,1.0,5.0,9.555,1.0,1.0,8.0,14.16,1.0,1.0,7.0,50.120000000000005,1.0,1.0,1.0,1.33,1.0,1.0
1360454400,6001.0,11.28,1.0,1.0,5.0,14.16,1.0,1.0,8.0,16.810000000000002,1.0,1.0,7.0,47.45,1.0,1.0,1.0,1.33,1.0,1.0
1361059200,6001.0,37.0,1.0,1.0,5.0,40.305,1.0,1.0,8.0,26.825,1.0,1.0,7.0,33.15,1.0,1.0,1.0,4.95,1.0,1.0
1361664000,6001.0,20.32,1.0,1.0,5.0,22.91,1.0,1.0,8.0,20.405,1.0,1.0,7.0,57.93,1.0,1.0,1.0,1.33,1.0,1.0
1362268800,6001.0,21.77,1.0,1.0,5.0,25.53,1.0,1.0,8.0,23.32,1.0,1.0,7.0,35.645,1.0,1.0,1.0,1.33,1.0,1.0
1362873600,6001.0,26.77,1.0,1.0,5.0,31.62,1.0,1.0,8.0,21.535,1.0,1.0,7.0,55.525000000000006,1.0,1.0,1.0,2.955,1.0,1.0
1363478400,6001.0,22.625,1.0,1.0,5.0,26.05,1.0,1.0,8.0,25.07,1.0,1.0,7.0,62.28,1.0,1.0,1.0,2.93,1.0,1.0
1364083200,6001.0,17.36,1.0,1.0,5.0,19.915,1.0,1.0,8.0,17.505000000000003,1.0,1.0,7.0,79.945,1.0,1.0,1.0,1.8677145179505672,1.0,1.0
1364688000,6001.0,18.68,1.0,1.0,5.0,22.8,1.0,1.0,8.0,16.29,1.0,1.0,7.0,91.79,1.0,1.0,1.0,3.59,1.0,1.0
1365292800,6001.0,17.03,1.0,1.0,5.0,20.51,1.0,1.0,8.0,20.74,1.0,1.0,7.0,86.845,1.0,1.0,1.0,1.33,1.0,1.0
1365897600,6001.0,20.995,1.0,1.0,5.0,25.205,1.0,1.0,8.0,20.575,1.0,1.0,7.0,64.98,1.0,1.0,1.0,1.33,1.0,1.0
1366502400,6001.0,13.075,1.0,1.0,5.0,22.595,1.0,1.0,8.0,14.97,1.0,1.0,7.0,73.24000000000001,1.0,1.0,1.0,1.33,1.0,1.0
1367107200,6001.0,17.66,1.0,1.0,5.0,30.56,1.0,1.0,8.0,13.305,1.0,1.0,7.0,68.71,1.0,1.0,1.0,1.33,1.0,1.0
1367712000,6001.0,11.415,1.0,1.0,5.0,19.595,1.0,1.0,8.0,16.509999999999998,1.0,1.0,7.0,75.245,1.0,1.0,1.0,1.33,1.0,1.0
1368316800,6001.0,15.8,1.0,1.0,5.0,23.58,1.0,1.0,8.0,15.535,1.0,1.0,7.0,55.405,1.0,1.0,1.0,1.33,1.0,1.0
1368921600,6001.0,9.91,1.0,1.0,5.0,17.55,1.0,1.0,8.0,15.04,1.0,1.0,7.0,58.83,1.0,1.0,1.0,1.33,1.0,1.0
1369526400,6001.0,5.725,1.0,1.0,5.0,9.14,1.0,1.0,8.0,11.63,1.0,1.0,7.0,60.1,1.0,1.0,1.0,1.33,1.0,1.0
1370131200,6001.0,13.73,1.0,1.0,5.0,18.16,1.0,1.0,8.0,12.325,1.0,1.0,7.0,62.555,1.0,1.0,1.0,1.33,1.0,1.0
1370736000,6001.0,6.33,1.0,1.0,5.0,12.235,1.0,1.0,8.0,11.535,1.0,1.0,7.0,73.3,1.0,1.0,1.0,1.33,1.0,1.0
1371340800,6001.0,6.529999999999999,1.0,1.0,5.0,13.18,1.0,1.0,8.0,10.8,1.0,1.0,7.0,68.215,1.0,1.0,1.0,1.33,1.0,1.0
1371945600,6001.0,8.345,1.0,1.0,5.0,14.73,1.0,1.0,8.0,11.98,1.0,1.0,7.0,80.005,1.0,1.0,1.0,1.33,1.0,1.0
1372550400,6001.0,7.439999999999999,1.0,1.0,5.0,11.415,1.0,1.0,8.0,9.545,1.0,1.0,7.0,52.53,1.0,1.0,1.0,1.33,1.0,1.0
1373155200,6001.0,10.155,1.0,1.0,5.0,15.86,1.0,1.0,8.0,11.66,1.0,1.0,7.0,55.900000000000006,1.0,1.0,1.0,1.33,1.0,1.0
1373760000,6001.0,8.495000000000001,1.0,1.0,5.0,16.17,1.0,1.0,8.0,7.314999999999999,1.0,1.0,7.0,65.39,1.0,1.0,1.0,1.33,1.0,1.0
1374364800,6001.0,7.66,1.0,1.0,5.0,15.760000000000002,1.0,1.0,8.0,7.195,1.0,1.0,7.0,65.985,1.0,1.0,1.0,1.33,1.0,1.0
1374969600,6001.0,9.004999999999999,1.0,1.0,5.0,25.41,1.0,1.0,8.0,12.855,1.0,1.0,7.0,101.165,1.0,1.0,1.0,1.33,1.0,1.0
1375574400,6001.0,8.955,1.0,1.0,5.0,17.935000000000002,1.0,1.0,8.0,11.41,1.0,1.0,7.0,68.65,1.0,1.0,1.0,1.33,1.0,1.0
1376179200,6001.0,10.795,1.0,1.0,5.0,17.655,1.0,1.0,8.0,12.63,1.0,1.0,7.0,63.25,1.0,1.0,1.0,1.33,1.0,1.0
1376784000,6001.0,7.52,1.0,1.0,5.0,15.725,1.0,1.0,8.0,14.995,1.0,1.0,7.0,56.59,1.0,1.0,1.0,1.33,1.0,1.0
1377388800,6001.0,7.77,1.0,1.0,5.0,17.12,1.0,1.0,8.0,13.31,1.0,1.0,7.0,52.475,1.0,1.0,1.0,1.33,1.0,1.0
1377993600,6001.0,10.445,1.0,1.0,5.0,22.575,1.0,1.0,8.0,14.45,1.0,1.0,7.0,57.39,1.0,1.0,1.0,1.33,1.0,1.0
1378598400,6001.0,8.79,1.0,1.0,5.0,15.85,1.0,1.0,8.0,14.135000000000002,1.0,1.0,7.0,47.05,1.0,1.0,1.0,1.33,1.0,1.0
1379203200,6001.0,9.47,1.0,1.0,5.0,12.355,1.0,1.0,8.0,16.86,1.0,1.0,7.0,34.455,1.0,1.0,1.0,1.33,1.0,1.0
1379808000,6001.0,8.89,1.0,1.0,5.0,12.42,1.0,1.0,8.0,15.53,1.0,1.0,7.0,33.055,1.0,1.0,1.0,1.33,1.0,1.0
1380412800,6001.0,6.285,1.0,1.0,5.0,9.045,1.0,1.0,8.0,15.695,1.0,1.0,7.0,36.285,1.0,1.0,1.0,1.33,1.0,1.0
1381017600,6001.0,13.026703765079748,1.0,1.0,5.0,21.665,1.0,1.0,8.0,17.855,1.0,1.0,7.0,35.375,1.0,1.0,1.0,1.33,1.0,1.0
1381622400,6001.0,18.25,1.0,1.0,5.0,24.075,1.0,1.0,8.0,21.055,1.0,1.0,7.0,20.915,1.0,1.0,1.0,1.33,1.0,1.0
1382227200,6001.0,12.77,1.0,1.0,5.0,17.22,1.0,1.0,8.0,20.44,1.0,1.0,7.0,22.1,1.0,1.0,1.0,1.33,1.0,1.0
1382832000,6001.0,10.545,1.0,1.0,5.0,16.08,1.0,1.0,8.0,23.255,1.0,1.0,7.0,27.84,1.0,1.0,1.0,1.33,1.0,1.0
1383436800,6001.0,6.84,1.0,1.0,5.0,10.255,1.0,1.0,8.0,17.58,1.0,1.0,7.0,39.69,1.0,1.0,1.0,1.33,1.0,1.0
1384041600,6001.0,6.105,1.0,1.0,5.0,7.555,1.0,1.0,8.0,15.55,1.0,1.0,7.0,40.805,1.0,1.0,1.0,1.33,1.0,1.0
1384646400,6001.0,17.445,1.0,1.0,5.0,21.11,1.0,1.0,8.0,25.16,1.0,1.0,7.0,17.185000000000002,1.0,1.0,1.0,1.33,1.0,1.0
1385251200,6001.0,16.28,1.0,1.0,5.0,17.994999999999997,1.0,1.0,8.0,22.85,1.0,1.0,7.0,10.575,1.0,1.0,1.0,1.33,1.0,1.0
1385856000,6001.0,7.984999999999999,1.0,1.0,5.0,10.215,1.0,1.0,8.0,18.39,1.0,1.0,7.0,37.89,1.0,1.0,1.0,1.33,1.0,1.0
1386460800,6001.0,9.72,1.0,1.0,5.0,12.14,1.0,1.0,8.0,17.015,1.0,1.0,7.0,38.1,1.0,1.0,1.0,1.33,1.0,1.0
1387065600,6001.0,13.53,1.0,1.0,5.0,16.075,1.0,1.0,8.0,25.775,1.0,1.0,7.0,16.27,1.0,1.0,1.0,1.33,1.0,1.0
1387670400,6001.0,12.445,1.0,1.0,5.0,15.72,1.0,1.0,8.0,35.605000000000004,1.0,1.0,7.0,16.98,1.0,1.0,1.0,1.33,1.0,1.0
1388275200,6001.0,6.49,1.0,1.0,5.0,7.75,1.0,1.0,8.0,14.215,1.0,1.0,7.0,42.38,1.0,1.0,1.0,1.33,1.0,1.0
1388880000,6001.0,12.32,1.0,1.0,5.0,13.81,1.0,1.0,8.0,19.795,1.0,1.0,7.0,28.305,1.0,1.0,1.0,1.33,2.0,1.0
1389484800,6001.0,6.105,1.0,1.0,5.0,7.814999999999999,1.0,1.0,8.0,16.725,1.0,1.0,7.0,43.31999999999999,1.0,1.0,1.0,1.33,2.0,1.0
1390089600,6001.0,20.945,1.0,1.0,5.0,22.96,1.0,1.0,8.0,30.375,1.0,1.0,7.0,11.6,1.0,1.0,1.0,1.33,2.0,1.0
1390694400,6001.0,36.120000000000005,1.0,1.0,5.0,38.67,1.0,1.0,8.0,25.75,1.0,1.0,7.0,23.1,1.0,1.0,1.0,5.82,1.0,1.0
1391299200,6001.0,40.895,1.0,1.0,5.0,43.225,1.0,1.0,8.0,27.99,1.0,1.0,7.0,25.125,1.0,1.0,1.0,10.02,1.0,1.0
1391904000,6001.0,12.21,1.0,1.0,5.0,13.685,1.0,1.0,8.0,20.54,1.0,1.0,7.0,39.925,1.0,1.0,1.0,1.33,2.0,1.0
1392508800,6001.0,6.665,1.0,1.0,5.0,9.63,1.0,1.0,8.0,16.125,1.0,1.0,7.0,48.03,1.0,1.0,1.0,1.33,2.0,1.0
1393113600,6001.0,11.505,1.0,1.0,5.0,13.915,1.0,1.0,8.0,23.265,1.0,1.0,7.0,35.230000000000004,1.0,1.0,1.0,1.33,2.0,1.0
1393718400,6001.0,32.42,1.0,1.0,5.0,37.73,1.0,1.0,8.0,33.77,1.0,1.0,7.0,22.175,1.0,1.0,1.0,1.33,2.0,1.0
1394323200,6001.0,37.04,1.0,1.0,5.0,41.495,1.0,1.0,8.0,26.62,1.0,1.0,7.0,21.345,1.0,1.0,1.0,1.33,2.0,1.0
1394928000,6001.0,21.59,1.0,1.0,5.0,31.885,1.0,1.0,8.0,25.155,1.0,1.0,7.0,51.195,1.0,1.0,1.0,1.33,2.0,1.0
1395532800,6001.0,11.13,1.0,1.0,5.0,14.715,1.0,1.0,8.0,14.175,1.0,1.0,7.0,56.52,1.0,1.0,1.0,1.33,2.0,1.0
1396137600,6001.0,16.950000000000003,1.0,1.0,5.0,19.61,1.0,1.0,8.0,22.86,1.0,1.0,7.0,44.51,1.0,1.0,1.0,1.33,2.0,1.0
1396742400,6001.0,30.36,1.0,1.0,5.0,39.28,1.0,1.0,8.0,20.815,1.0,1.0,7.0,59.63,1.0,1.0,1.0,1.33,2.0,1.0
1397347200,6001.0,10.02,1.0,1.0,5.0,14.275,1.0,1.0,8.0,14.455,1.0,1.0,7.0,59.995000000000005,1.0,1.0,1.0,1.33,2.0,1.0
1397952000,6001.0,6.025,1.0,1.0,5.0,9.255,1.0,1.0,8.0,12.295,1.0,1.0,7.0,68.33500000000001,1.0,1.0,1.0,1.33,2.0,1.0
1398556800,6001.0,16.185,1.0,1.0,5.0,22.395,1.0,1.0,8.0,14.175,1.0,1.0,7.0,67.00999999999999,1.0,1.0,1.0,1.33,2.0,1.0
1399161600,6001.0,8.345,1.0,1.0,5.0,15.91,1.0,1.0,8.0,13.53,1.0,1.0,7.0,69.005,1.0,1.0,1.0,1.33,2.0,1.0
1399766400,6001.0,6.805,1.0,1.0,5.0,11.48,1.0,1.0,8.0,12.78,1.0,1.0,7.0,66.695,1.0,1.0,1.0,1.33,2.0,1.0
1400371200,6001.0,2.955,1.0,1.0,5.0,7.359999999999999,1.0,1.0,8.0,9.495,1.0,1.0,7.0,68.5,1.0,1.0,1.0,1.33,2.0,1.0
1400976000,6001.0,10.85,1.0,1.0,5.0,16.509999999999998,1.0,1.0,8.0,14.375,1.0,1.0,7.0,73.49,1.0,1.0,1.0,1.33,2.0,1.0
1401580800,6001.0,7.35,1.0,1.0,5.0,11.275,1.0,1.0,8.0,10.34,1.0,1.0,7.0,59.18,1.0,1.0,1.0,1.33,2.0,1.0
1402185600,6001.0,6.369999999999999,1.0,1.0,5.0,14.39,1.0,1.0,8.0,13.83,1.0,1.0,7.0,69.225,1.0,1.0,1.0,1.33,2.0,1.0
1402790400,6001.0,7.955,1.0,1.0,5.0,13.02,1.0,1.0,8.0,8.42,1.0,1.0,7.0,68.515,1.0,1.0,1.0,1.33,2.0,1.0
1403395200,6001.0,5.965,1.0,1.0,5.0,10.855,1.0,1.0,8.0,6.65,1.0,1.0,7.0,55.18,1.0,1.0,1.0,1.33,2.0,1.0
1404000000,6001.0,6.785,1.0,1.0,5.0,10.57,1.0,1.0,8.0,11.6,1.0,1.0,7.0,52.620000000000005,1.0,1.0,1.0,1.33,2.0,1.0
1404604800,6001.0,7.595,1.0,1.0,5.0,14.51,1.0,1.0,8.0,10.875,1.0,1.0,7.0,70.595,1.0,1.0,1.0,1.33,2.0,1.0
1405209600,6001.0,10.9,1.0,1.0,5.0,17.265,1.0,1.0,8.0,9.635,1.0,1.0,7.0,53.025000000000006,1.0,1.0,1.0,1.33,2.0,1.0
1405814400,6001.0,14.96,1.0,1.0,5.0,22.05,1.0,1.0,8.0,11.045,1.0,1.0,7.0,80.945,1.0,1.0,1.0,1.33,2.0,1.0
1406419200,6001.0,15.785,1.0,1.0,5.0,25.675,1.0,1.0,8.0,12.665,1.0,1.0,7.0,67.83,1.0,1.0,1.0,1.33,2.0,1.0
1407024000,6001.0,16.245,1.0,1.0,5.0,19.835,1.0,1.0,8.0,10.415,1.0,1.0,7.0,66.0,1.0,1.0,1.0,1.33,2.0,1.0
1407628800,6001.0,10.995,1.0,1.0,5.0,14.505,1.0,1.0,8.0,11.405,1.0,1.0,7.0,63.27499999999999,1.0,1.0,1.0,1.33,2.0,1.0
1408233600,6001.0,6.640000000000001,1.0,1.0,5.0,8.920000000000002,1.0,1.0,8.0,10.76,1.0,1.0,7.0,57.21,1.0,1.0,1.0,1.33,2.0,1.0
1408838400,6001.0,5.705,1.0,1.0,5.0,9.364999999999998,1.0,1.0,8.0,11.05,1.0,1.0,7.0,58.3,1.0,1.0,1.0,1.33,2.0,1.0
1409443200,6001.0,9.67,1.0,1.0,5.0,15.415,1.0,1.0,8.0,16.884999999999998,1.0,1.0,7.0,44.92,1.0,1.0,1.0,1.33,2.0,1.0
1410048000,6001.0,13.395,1.0,1.0,5.0,21.76,1.0,1.0,8.0,13.59,1.0,1.0,7.0,54.39,1.0,1.0,1.0,1.33,2.0,1.0
1410652800,6001.0,13.285,1.0,1.0,5.0,17.115000000000002,1.0,1.0,8.0,9.665,1.0,1.0,7.0,51.9,1.0,1.0,1.0,1.33,2.0,1.0
1411257600,6001.0,25.905,1.0,1.0,5.0,35.754999999999995,1.0,1.0,8.0,17.65,1.0,1.0,7.0,47.085,1.0,1.0,1.0,1.33,2.0,1.0
1411862400,6001.0,12.51,1.0,1.0,5.0,17.47,1.0,1.0,8.0,16.035,1.0,1.0,7.0,35.65,1.0,1.0,1.0,1.33,2.0,1.0
1412467200,6001.0,25.71,1.0,1.0,5.0,31.72,1.0,1.0,8.0,23.015,1.0,1.0,7.0,24.79,1.0,1.0,1.0,1.33,2.0,1.0
1413072000,6001.0,18.025,1.0,1.0,5.0,21.725,1.0,1.0,8.0,19.81,1.0,1.0,7.0,24.005000000000003,1.0,1.0,1.0,1.33,2.0,1.0
1413676800,6001.0,15.39,1.0,1.0,5.0,19.22,1.0,1.0,8.0,21.98,1.0,1.0,7.0,14.565,1.0,1.0,1.0,1.33,2.0,1.0
1414281600,6001.0,18.009999999999998,1.0,1.0,5.0,21.105,1.0,1.0,8.0,17.22,1.0,1.0,7.0,21.575,1.0,1.0,1.0,1.33,2.0,1.0
1414886400,6001.0,24.965,1.0,1.0,5.0,28.595,1.0,1.0,8.0,23.385,1.0,1.0,7.0,4.345000000000001,1.0,1.0,1.0,1.33,2.0,1.0
1415491200,6001.0,21.01,1.0,1.0,5.0,23.92,1.0,1.0,8.0,22.515,1.0,1.0,7.0,14.27,1.0,1.0,1.0,1.33,2.0,1.0
1416096000,6001.0,31.6,1.0,1.0,5.0,35.03,1.0,1.0,8.0,20.21,1.0,1.0,7.0,10.28,1.0,1.0,1.0,1.33,2.0,1.0
1416700800,6001.0,27.295,1.0,1.0,5.0,29.445,1.0,1.0,8.0,19.88,1.0,1.0,7.0,6.73,1.0,1.0,1.0,1.33,2.0,1.0
1417305600,6001.0,27.845,1.0,1.0,5.0,30.62,1.0,1.0,8.0,18.83,1.0,1.0,7.0,24.625,1.0,1.0,1.0,2.005,2.0,1.0
1417910400,6001.0,34.165,1.0,1.0,5.0,38.535,1.0,1.0,8.0,28.135,1.0,1.0,7.0,7.085,1.0,1.0,1.0,3.365,1.0,1.0
1418515200,6001.0,10.405,1.0,1.0,5.0,12.85,1.0,1.0,8.0,24.200000000000003,1.0,1.0,7.0,28.6,1.0,1.0,1.0,1.33,2.0,1.0
1419120000,6001.0,8.195,1.0,1.0,5.0,9.87,1.0,1.0,8.0,15.355,1.0,1.0,7.0,37.77,1.0,1.0,1.0,1.33,2.0,1.0
1419724800,6001.0,6.04,1.0,1.0,5.0,7.215,1.0,1.0,8.0,11.005,1.0,1.0,7.0,50.47,1.0,1.0,1.0,1.33,2.0,1.0
1420329600,6001.0,13.605,1.0,1.0,5.0,14.835,1.0,1.0,8.0,15.55,1.0,1.0,7.0,37.41,1.0,1.0,1.0,1.33,2.0,1.0
1420934400,6001.0,8.195,1.0,1.0,5.0,10.98,1.0,1.0,8.0,13.49,1.0,1.0,7.0,44.3,1.0,1.0,1.0,1.0,2.0,1.0
1421539200,6001.0,5.29,1.0,1.0,5.0,7.109999999999999,1.0,1.0,8.0,16.049999999999997,1.0,1.0,7.0,47.11,1.0,1.0,1.0,1.0,2.0,1.0
1422144000,6001.0,22.985,1.0,1.0,5.0,26.14,1.0,1.0,8.0,24.845,1.0,1.0,7.0,13.355,1.0,1.0,1.0,1.0,2.0,1.0
1422748800,6001.0,11.305,1.0,1.0,5.0,14.29,1.0,1.0,8.0,18.64,1.0,1.0,7.0,42.73,1.0,1.0,1.0,1.0,2.0,1.0
1423353600,6001.0,13.295,1.0,1.0,5.0,15.515,1.0,1.0,8.0,21.915,1.0,1.0,7.0,33.29,1.0,1.0,1.0,1.0,2.0,1.0
1423958400,6001.0,20.655,1.0,1.0,5.0,25.185,1.0,1.0,8.0,23.255000000000003,1.0,1.0,7.0,48.28,1.0,1.0,1.0,1.0,2.0,1.0
1424563200,6001.0,25.46,1.0,1.0,5.0,31.52,1.0,1.0,8.0,25.575000000000003,1.0,1.0,7.0,39.905,1.0,1.0,1.0,1.0,2.0,1.0
1425168000,6001.0,18.26,1.0,1.0,5.0,24.06,1.0,1.0,8.0,25.265,1.0,1.0,7.0,40.89,1.0,1.0,1.0,1.0,2.0,1.0
1425772800,6001.0,11.845,1.0,1.0,5.0,15.24,1.0,1.0,8.0,18.325,1.0,1.0,7.0,52.435,1.0,1.0,1.0,1.0,2.0,1.0
1426377600,6001.0,18.9,1.0,1.0,5.0,23.1,1.0,1.0,8.0,19.575000000000003,1.0,1.0,7.0,40.3,1.0,1.0,1.0,1.0,2.0,1.0
1426982400,6001.0,29.29,1.0,1.0,5.0,39.150000000000006,1.0,1.0,8.0,22.315,1.0,1.0,7.0,54.335,1.0,1.0,1.0,4.0,1.0,1.0
1427587200,6001.0,24.645,1.0,1.0,5.0,30.07,1.0,1.0,8.0,23.385,1.0,1.0,7.0,43.755,1.0,1.0,1.0,1.0,2.0,1.0
1428192000,6001.0,4.51,1.0,1.0,5.0,6.395,1.0,1.0,8.0,8.72,1.0,1.0,7.0,66.255,1.0,1.0,1.0,1.0,2.0,1.0
1428796800,6001.0,12.4,1.0,1.0,5.0,18.325,1.0,1.0,8.0,12.975,1.0,1.0,7.0,61.35,1.0,1.0,1.0,1.0,2.0,1.0
1429401600,6001.0,7.775,1.0,1.0,5.0,13.99,1.0,1.0,8.0,10.385,1.0,1.0,7.0,67.945,1.0,1.0,1.0,1.0,2.0,1.0
1430006400,6001.0,12.614999999999998,1.0,1.0,5.0,21.64,1.0,1.0,8.0,14.08,1.0,1.0,7.0,69.69999999999999,1.0,1.0,1.0,1.0,2.0,1.0
1430611200,6001.0,10.26,1.0,1.0,5.0,14.095,1.0,1.0,8.0,15.395,1.0,1.0,7.0,51.465,1.0,1.0,1.0,1.0,2.0,1.0
1431216000,6001.0,7.76,1.0,1.0,5.0,13.3,1.0,1.0,8.0,14.97,1.0,1.0,7.0,66.09,1.0,1.0,1.0,1.0,2.0,1.0
1431820800,6001.0,8.885000000000002,1.0,1.0,5.0,16.165,1.0,1.0,8.0,13.005,1.0,1.0,7.0,66.845,1.0,1.0,1.0,1.0,2.0,1.0
1432425600,6001.0,10.5,1.0,1.0,5.0,20.135,1.0,1.0,8.0,15.495,1.0,1.0,7.0,66.87,1.0,1.0,1.0,1.0,2.0,1.0
1433030400,6001.0,7.19,1.0,1.0,5.0,12.265,1.0,1.0,8.0,9.72,1.0,1.0,7.0,65.17500000000001,1.0,1.0,1.0,1.0,2.0,1.0
1433635200,6001.0,7.7,1.0,1.0,5.0,15.585,1.0,1.0,8.0,10.625,1.0,1.0,7.0,72.94,1.0,1.0,1.0,1.0,2.0,1.0
1434240000,6001.0,8.205,1.0,1.0,5.0,19.945,1.0,1.0,8.0,11.105,1.0,1.0,7.0,76.155,1.0,1.0,1.0,1.0,2.0,1.0
1434844800,6001.0,5.955,1.0,1.0,5.0,10.32,1.0,1.0,8.0,8.26,1.0,1.0,7.0,57.11,1.0,1.0,1.0,1.0,2.0,1.0
1435449600,6001.0,10.385,1.0,1.0,5.0,14.16,1.0,1.0,8.0,14.655,1.0,1.0,7.0,48.8,1.0,1.0,1.0,1.0,2.0,1.0
1436054400,6001.0,10.735,1.0,1.0,5.0,19.27,1.0,1.0,8.0,13.22,1.0,1.0,7.0,77.87,1.0,1.0,1.0,1.0,2.0,1.0
1436659200,6001.0,10.215,1.0,1.0,5.0,17.055,1.0,1.0,8.0,9.02,1.0,1.0,7.0,62.445,1.0,1.0,1.0,1.0,2.0,1.0
1437264000,6001.0,11.2,1.0,1.0,5.0,16.674999999999997,1.0,1.0,8.0,13.575,1.0,1.0,7.0,50.6,1.0,1.0,1.0,1.0,2.0,1.0
1437868800,6001.0,7.455,1.0,1.0,5.0,15.2,1.0,1.0,8.0,11.43,1.0,1.0,7.0,65.13,1.0,1.0,1.0,1.0,2.0,1.0
1438473600,6001.0,6.609999999999999,1.0,1.0,5.0,14.48,1.0,1.0,8.0,10.84,1.0,1.0,7.0,56.835,1.0,1.0,1.0,1.0,2.0,1.0
1439078400,6001.0,12.364999999999998,1.0,1.0,5.0,23.78,1.0,1.0,8.0,13.265,1.0,1.0,7.0,85.11,1.0,1.0,1.0,1.0,2.0,1.0
1439683200,6001.0,16.585,1.0,1.0,5.0,28.77,1.0,1.0,8.0,10.345,1.0,1.0,7.0,85.41999999999999,1.0,1.0,1.0,1.0,2.0,1.0
1440288000,6001.0,16.25,1.0,1.0,5.0,28.51,1.0,1.0,8.0,17.259999999999998,1.0,1.0,7.0,43.05,1.0,1.0,1.0,1.0,2.0,1.0
1440892800,6001.0,7.385,1.0,1.0,5.0,14.095,1.0,1.0,8.0,15.73,1.0,1.0,7.0,51.06,1.0,1.0,1.0,1.0,2.0,1.0
1441497600,6001.0,6.58,1.0,1.0,5.0,10.32,1.0,1.0,8.0,11.635,1.0,1.0,7.0,51.135,1.0,1.0,1.0,1.0,2.0,1.0
1442102400,6001.0,6.24,1.0,1.0,5.0,11.26,1.0,1.0,8.0,14.54,1.0,1.0,7.0,43.775,1.0,1.0,1.0,1.0,2.0,1.0
1442707200,6001.0,5.59,1.0,1.0,5.0,10.38,1.0,1.0,8.0,19.425,1.0,1.0,7.0,39.225,1.0,1.0,1.0,1.0,2.0,1.0
1443312000,6001.0,8.82,1.0,1.0,5.0,14.055,1.0,1.0,8.0,21.42,1.0,1.0,7.0,28.695,1.0,1.0,1.0,1.0,2.0,1.0
1443916800,6001.0,11.39,1.0,1.0,5.0,21.83,1.0,1.0,8.0,34.760000000000005,1.0,1.0,7.0,20.83,1.0,1.0,1.0,2.0,2.0,1.0
1444521600,6001.0,24.065,1.0,1.0,5.0,37.59,1.0,1.0,8.0,22.575,1.0,1.0,7.0,31.915,1.0,1.0,1.0,4.0,1.0,1.0
1445126400,6001.0,22.755,1.0,1.0,5.0,27.39,1.0,1.0,8.0,27.4,1.0,1.0,7.0,15.675,1.0,1.0,1.0,3.0,1.0,1.0
1445731200,6001.0,17.585,1.0,1.0,5.0,23.395,1.0,1.0,8.0,26.07,1.0,1.0,7.0,11.715,1.0,1.0,1.0,1.0,2.0,1.0
1446336000,6001.0,34.46,1.0,1.0,5.0,43.725,1.0,1.0,8.0,33.92,1.0,1.0,7.0,10.28,1.0,1.0,1.0,3.0,1.0,1.0
1446940800,6001.0,27.315,1.0,1.0,5.0,34.735,1.0,1.0,8.0,47.655,1.0,1.0,7.0,2.0,2.0,1.0,1.0,3.0,1.0,1.0
1447545600,6001.0,8.305,1.0,1.0,5.0,10.92,1.0,1.0,8.0,14.61,1.0,1.0,7.0,39.74,1.0,1.0,1.0,1.0,2.0,1.0
1448150400,6001.0,5.66,1.0,1.0,5.0,7.83,1.0,1.0,8.0,15.23,1.0,1.0,7.0,36.004999999999995,1.0,1.0,1.0,1.0,2.0,1.0
1448755200,6001.0,12.74,1.0,1.0,5.0,15.71,1.0,1.0,8.0,23.23,1.0,1.0,7.0,19.49,1.0,1.0,1.0,1.0,2.0,1.0
1449360000,6001.0,9.085,1.0,1.0,5.0,13.225,1.0,1.0,8.0,16.025,1.0,1.0,7.0,40.235,1.0,1.0,1.0,2.0,2.0,1.0
1449964800,6001.0,11.25,1.0,1.0,5.0,14.765,1.0,1.0,8.0,24.85,1.0,1.0,7.0,24.13,1.0,1.0,1.0,3.0,1.0,1.0
1450569600,6001.0,14.92,1.0,1.0,5.0,20.605,1.0,1.0,8.0,27.82,1.0,1.0,7.0,10.62,1.0,1.0,1.0,3.0,1.0,1.0
1451174400,6001.0,7.19,1.0,1.0,5.0,10.005,1.0,1.0,8.0,10.865,1.0,1.0,7.0,42.885,1.0,1.0,1.0,1.0,2.0,1.0
1451779200,6001.0,24.76,1.0,1.0,5.0,28.625,1.0,1.0,8.0,14.475,1.0,1.0,7.0,26.195,1.0,1.0,1.0,5.0,1.0,1.0
1452384000,6001.0,59.5,1.0,1.0,5.0,61.260000000000005,1.0,1.0,8.0,31.425,1.0,1.0,7.0,8.96,1.0,1.0,1.0,10.74,1.0,1.0
1452988800,6001.0,16.0,1.0,1.0,5.0,16.95,1.0,1.0,8.0,22.48,1.0,1.0,7.0,21.06,1.0,1.0,1.0,2.9800000000000004,1.0,1.0
1453593600,6001.0,26.0,1.0,1.0,5.0,27.52,1.0,1.0,8.0,34.295,1.0,1.0,7.0,19.865,1.0,1.0,1.0,3.465,1.0,1.0
1454198400,6001.0,7.0,1.0,1.0,5.0,8.879999999999999,1.0,1.0,8.0,14.0,1.0,1.0,7.0,45.735,1.0,1.0,1.0,3.045,1.0,1.0
1454803200,6001.0,9.0,1.0,1.0,5.0,9.85,1.0,1.0,8.0,13.595,1.0,1.0,7.0,39.66,1.0,1.0,1.0,2.935,1.0,1.0
1455408000,6001.0,9.0,1.0,1.0,5.0,10.255,1.0,1.0,8.0,14.205,1.0,1.0,7.0,47.395,1.0,1.0,1.0,3.075,1.0,1.0
1456012800,6001.0,20.0,1.0,1.0,5.0,21.06,1.0,1.0,8.0,17.175,1.0,1.0,7.0,31.35,1.0,1.0,1.0,3.26,1.0,1.0
1456617600,6001.0,11.0,1.0,1.0,5.0,13.89,1.0,1.0,8.0,16.590000000000003,1.0,1.0,7.0,47.68000000000001,1.0,1.0,1.0,3.06,1.0,1.0
1457222400,6001.0,21.5,1.0,1.0,5.0,23.395,1.0,1.0,8.0,19.93,1.0,1.0,7.0,38.895,1.0,1.0,1.0,1.33,2.0,1.0
1457827200,6001.0,26.0,1.0,1.0,5.0,28.380000000000003,1.0,1.0,8.0,18.65,1.0,1.0,7.0,47.47,1.0,1.0,1.0,1.33,2.0,1.0
1458432000,6001.0,21.0,1.0,1.0,5.0,22.225,1.0,1.0,8.0,13.35,1.0,1.0,7.0,46.685,1.0,1.0,1.0,1.33,2.0,1.0
1459036800,6001.0,12.5,1.0,1.0,5.0,13.05,1.0,1.0,8.0,11.97,1.0,1.0,7.0,46.375,1.0,1.0,1.0,1.33,2.0,1.0
1459641600,6001.0,9.0,1.0,1.0,5.0,10.905,1.0,1.0,8.0,13.57,1.0,1.0,7.0,52.055,1.0,1.0,1.0,1.33,2.0,1.0
1460246400,6001.0,17.0,1.0,1.0,5.0,20.32,1.0,1.0,8.0,16.185000000000002,1.0,1.0,7.0,62.025000000000006,1.0,1.0,1.0,1.33,2.0,1.0
1460851200,6001.0,17.0,1.0,1.0,5.0,22.275,1.0,1.0,8.0,19.42,1.0,1.0,7.0,42.275,1.0,1.0,1.0,1.33,2.0,1.0
1461456000,6001.0,7.0,1.0,1.0,5.0,11.155,1.0,1.0,8.0,7.355,1.0,1.0,7.0,67.125,1.0,1.0,1.0,1.33,2.0,1.0
1462060800,6001.0,7.0,1.0,1.0,5.0,9.62,1.0,1.0,8.0,11.55,1.0,1.0,7.0,68.41499999999999,1.0,1.0,1.0,1.33,2.0,1.0
1462665600,6001.0,11.0,1.0,1.0,5.0,19.15,1.0,1.0,8.0,10.835,1.0,1.0,7.0,81.445,1.0,1.0,1.0,1.33,2.0,1.0
1463270400,6001.0,11.0,1.0,1.0,5.0,23.365,1.0,1.0,8.0,9.195,1.0,1.0,7.0,85.605,1.0,1.0,1.0,1.33,2.0,1.0
1463875200,6001.0,10.0,1.0,1.0,5.0,20.94,1.0,1.0,8.0,11.275,1.0,1.0,7.0,71.405,1.0,1.0,1.0,1.33,2.0,1.0
1464480000,6001.0,19.0,1.0,1.0,5.0,25.615,1.0,1.0,8.0,10.095,1.0,1.0,7.0,54.2,1.0,1.0,1.0,1.33,2.0,1.0
1465084800,6001.0,19.0,1.0,1.0,5.0,24.42,1.0,1.0,8.0,12.85,1.0,1.0,7.0,74.805,1.0,1.0,1.0,1.33,2.0,1.0
1465689600,6001.0,9.0,1.0,1.0,5.0,16.42,1.0,1.0,8.0,8.455,1.0,1.0,7.0,76.29499999999999,1.0,1.0,1.0,1.33,2.0,1.0
1466294400,6001.0,10.5,1.0,1.0,5.0,13.425,1.0,1.0,8.0,11.67,1.0,1.0,7.0,51.675,1.0,1.0,1.0,1.33,2.0,1.0
1466899200,6001.0,11.0,1.0,1.0,5.0,17.965,1.0,1.0,8.0,10.155,1.0,1.0,7.0,74.78999999999999,1.0,1.0,1.0,1.33,2.0,1.0
1467504000,6001.0,7.0,1.0,1.0,5.0,13.09,1.0,1.0,8.0,10.39,1.0,1.0,7.0,61.585,1.0,1.0,1.0,1.33,2.0,1.0
1468108800,6001.0,6.0,1.0,1.0,5.0,11.575,1.0,1.0,8.0,7.145,1.0,1.0,7.0,64.43,1.0,1.0,1.0,1.33,2.0,1.0
1468713600,6001.0,7.0,1.0,1.0,5.0,12.14,1.0,1.0,8.0,8.665,1.0,1.0,7.0,55.885000000000005,1.0,1.0,1.0,1.33,2.0,1.0
1469318400,6001.0,8.0,1.0,1.0,5.0,15.685,1.0,1.0,8.0,10.075,1.0,1.0,7.0,57.865,1.0,1.0,1.0,1.33,2.0,1.0
1469923200,6001.0,12.0,1.0,1.0,5.0,19.37,1.0,1.0,8.0,9.47,1.0,1.0,7.0,60.205,1.0,1.0,1.0,1.33,2.0,1.0
1470528000,6001.0,7.0,1.0,1.0,5.0,9.635,1.0,1.0,8.0,12.364999999999998,1.0,1.0,7.0,36.68,1.0,1.0,1.0,1.33,2.0,1.0
1471132800,6001.0,5.0,1.0,1.0,5.0,9.93,1.0,1.0,8.0,8.684999999999999,1.0,1.0,7.0,50.875,1.0,1.0,1.0,1.33,2.0,1.0
1471737600,6001.0,6.0,1.0,1.0,5.0,11.965,1.0,1.0,8.0,9.45,1.0,1.0,7.0,51.535,1.0,1.0,1.0,1.33,2.0,1.0
1472342400,6001.0,11.5,1.0,1.0,5.0,17.674999999999997,1.0,1.0,8.0,12.46,1.0,1.0,7.0,61.5,1.0,1.0,1.0,1.33,2.0,1.0
1472947200,6001.0,9.0,1.0,1.0,5.0,17.7,1.0,1.0,8.0,11.925,1.0,1.0,7.0,55.035,1.0,1.0,1.0,1.33,2.0,1.0
1473552000,6001.0,16.0,1.0,1.0,5.0,24.5,1.0,1.0,8.0,13.57,1.0,1.0,7.0,52.075,1.0,1.0,1.0,1.33,2.0,1.0
1474156800,6001.0,15.0,1.0,1.0,5.0,37.395,1.0,1.0,8.0,12.565,1.0,1.0,7.0,65.86500000000001,1.0,1.0,1.0,1.33,2.0,1.0
1474761600,6001.0,10.0,1.0,1.0,5.0,20.55,1.0,1.0,8.0,16.9,1.0,1.0,7.0,46.975,1.0,1.0,1.0,1.33,2.0,1.0
1475366400,6001.0,12.5,1.0,1.0,5.0,22.28,1.0,1.0,8.0,20.6,1.0,1.0,7.0,33.965,1.0,1.0,1.0,1.33,2.0,1.0
1475971200,6001.0,4.0,1.0,1.0,5.0,4.98,1.0,1.0,8.0,6.94,1.0,1.0,7.0,39.205,1.0,1.0,1.0,1.33,2.0,1.0
1476576000,6001.0,16.5,1.0,1.0,5.0,18.005000000000003,1.0,1.0,8.0,14.41,1.0,1.0,7.0,12.155,1.0,1.0,1.0,1.33,2.0,1.0
1477180800,6001.0,17.0,1.0,1.0,5.0,18.63,1.0,1.0,8.0,18.535,1.0,1.0,7.0,10.035,1.0,1.0,1.0,1.33,2.0,1.0
1477785600,6001.0,21.0,1.0,1.0,5.0,24.62,1.0,1.0,8.0,18.465,1.0,1.0,7.0,15.155,1.0,1.0,1.0,1.33,2.0,1.0
1478390400,6001.0,14.5,1.0,1.0,5.0,17.72,1.0,1.0,8.0,18.59,1.0,1.0,7.0,16.165,1.0,1.0,1.0,1.33,2.0,1.0
1478995200,6001.0,25.0,1.0,1.0,5.0,26.33,1.0,1.0,8.0,27.455,1.0,1.0,7.0,10.995,1.0,1.0,1.0,1.33,2.0,1.0
1479600000,6001.0,6.0,1.0,1.0,5.0,7.130000000000001,1.0,1.0,8.0,20.825000000000003,1.0,1.0,7.0,28.18,1.0,1.0,1.0,1.33,2.0,1.0
1480204800,6001.0,17.0,1.0,1.0,5.0,19.25,1.0,1.0,8.0,27.67,1.0,1.0,7.0,11.455,1.0,1.0,1.0,1.33,2.0,1.0
1480809600,6001.0,11.0,1.0,1.0,5.0,13.15,1.0,1.0,8.0,30.08,1.0,1.0,7.0,21.34,1.0,1.0,1.0,1.33,2.0,1.0
1481414400,6001.0,19.0,1.0,1.0,5.0,19.73,1.0,1.0,8.0,29.545,1.0,1.0,7.0,17.965000000000003,1.0,1.0,1.0,1.33,2.0,1.0
1482019200,6001.0,16.0,1.0,1.0,5.0,17.130000000000003,1.0,1.0,8.0,29.515,1.0,1.0,7.0,11.255,1.0,1.0,1.0,1.33,2.0,1.0
1482624000,6001.0,16.0,1.0,1.0,5.0,16.445,1.0,1.0,8.0,26.0,1.0,1.0,7.0,15.4,1.0,1.0,1.0,1.33,2.0,1.0
1483228800,6001.0,10.0,1.0,1.0,5.0,12.705,1.0,1.0,8.0,13.95,1.0,1.0,7.0,40.73,1.0,1.0,1.0,1.33,2.0,1.0
1483833600,6001.0,11.655,1.0,1.0,5.0,11.855,1.0,1.0,8.0,17.905,1.0,1.0,7.0,41.04,1.0,1.0,1.0,1.33,2.0,1.0
1484438400,6001.0,11.435,1.0,1.0,5.0,12.645,1.0,1.0,8.0,16.700000000000003,1.0,1.0,7.0,42.065,1.0,1.0,1.0,1.33,2.0,1.0
1485043200,6001.0,25.295,1.0,1.0,5.0,24.995,1.0,1.0,8.0,32.64,1.0,1.0,7.0,19.775,1.0,1.0,1.0,1.33,2.0,1.0
1485648000,6001.0,34.88,1.0,1.0,5.0,35.8,1.0,1.0,8.0,27.855,1.0,1.0,7.0,20.340000000000003,1.0,1.0,1.0,1.33,2.0,1.0
1486252800,6001.0,46.065,1.0,1.0,5.0,46.86,1.0,1.0,8.0,33.525,1.0,1.0,7.0,12.825,1.0,1.0,1.0,2.065,2.0,1.0
1486857600,6001.0,43.855,1.0,1.0,5.0,47.82,1.0,1.0,8.0,20.495,1.0,1.0,7.0,42.695,1.0,1.0,1.0,5.825,1.0,1.0
1487462400,6001.0,39.825,1.0,1.0,5.0,47.085,1.0,1.0,8.0,28.625,1.0,1.0,7.0,31.495,1.0,1.0,1.0,2.43,1.5,1.0
1488067200,6001.0,7.99,1.0,1.0,5.0,8.835,1.0,1.0,8.0,11.65,1.0,1.0,7.0,58.535,1.0,1.0,1.0,1.33,2.0,1.0
1488672000,6001.0,7.93,1.0,1.0,5.0,10.05,1.0,1.0,8.0,13.545,1.0,1.0,7.0,60.335,1.0,1.0,1.0,1.33,2.0,1.0
1489276800,6001.0,12.515,1.0,1.0,5.0,14.17,1.0,1.0,8.0,12.905,1.0,1.0,7.0,49.2,1.0,1.0,1.0,1.33,2.0,1.0
1489881600,6001.0,13.19,1.0,1.0,5.0,17.625,1.0,1.0,8.0,12.83,1.0,1.0,7.0,52.89,1.0,1.0,1.0,1.33,2.0,1.0
1490486400,6001.0,9.895,1.0,1.0,5.0,11.73,1.0,1.0,8.0,14.585,1.0,1.0,7.0,54.265,1.0,1.0,1.0,1.33,2.0,1.0
1491091200,6001.0,18.77,1.0,1.0,5.0,22.74,1.0,1.0,8.0,16.23370611905252,1.0,1.0,7.0,58.645,1.0,1.0,1.0,1.33,2.0,1.0
1491696000,6001.0,12.6,1.0,1.0,5.0,14.52,1.0,1.0,8.0,9.015,1.0,1.0,7.0,60.045,1.0,1.0,1.0,1.33,2.0,1.0
1492300800,6001.0,6.465,1.0,1.0,5.0,8.184999999999999,1.0,1.0,8.0,6.39,1.0,1.0,7.0,65.685,1.0,1.0,1.0,1.33,2.0,1.0
1492905600,6001.0,6.375,1.0,1.0,5.0,8.135000000000002,1.0,1.0,8.0,6.135,1.0,1.0,7.0,71.975,1.0,1.0,1.0,1.33,2.0,1.0
1493510400,6001.0,8.285,1.0,1.0,5.0,12.115,1.0,1.0,8.0,11.375,1.0,1.0,7.0,69.345,1.0,1.0,1.0,1.33,2.0,1.0
1494115200,6001.0,15.985,1.0,1.0,5.0,19.33,1.0,1.0,8.0,10.35,1.0,1.0,7.0,57.725,1.0,1.0,1.0,1.33,2.0,1.0
1494720000,6001.0,10.94,1.0,1.0,5.0,14.775,1.0,1.0,8.0,10.91,1.0,1.0,7.0,60.145,1.0,1.0,1.0,1.33,2.0,1.0
1495324800,6001.0,11.66,1.0,1.0,5.0,17.564999999999998,1.0,1.0,8.0,10.67,1.0,1.0,7.0,79.12,1.0,1.0,1.0,1.33,2.0,1.0
1495929600,6001.0,9.0,1.0,1.0,5.0,15.23,1.0,1.0,8.0,8.68,1.0,1.0,7.0,67.765,1.0,1.0,1.0,1.33,2.0,1.0
1496534400,6001.0,10.385,1.0,1.0,5.0,17.72,1.0,1.0,8.0,8.36,1.0,1.0,7.0,73.985,1.0,1.0,1.0,1.33,2.0,1.0
1497139200,6001.0,7.35,1.0,1.0,5.0,13.73,1.0,1.0,8.0,9.305,1.0,1.0,7.0,62.19,1.0,1.0,1.0,1.33,2.0,1.0
1497744000,6001.0,8.19,1.0,1.0,5.0,12.71,1.0,1.0,8.0,5.38,1.0,1.0,7.0,63.92,1.0,1.0,1.0,1.33,2.0,1.0
1498348800,6001.0,9.695,1.0,1.0,5.0,16.16,1.0,1.0,8.0,6.59,1.0,1.0,7.0,69.54499999999999,1.0,1.0,1.0,1.33,2.0,1.0
1498953600,6001.0,9.46,1.0,1.0,5.0,14.285,1.0,1.0,8.0,7.965,1.0,1.0,7.0,56.625,1.0,1.0,1.0,1.33,2.0,1.0
1499558400,6001.0,7.949999999999999,1.0,1.0,5.0,11.885000000000002,1.0,1.0,8.0,6.574999999999999,1.0,1.0,7.0,58.965,1.0,1.0,1.0,1.33,2.0,1.0
1500163200,6001.0,10.945,1.0,1.0,5.0,15.035,1.0,1.0,8.0,6.875,1.0,1.0,7.0,54.895,1.0,1.0,1.0,1.33,2.0,1.0
1500768000,6001.0,11.66,1.0,1.0,5.0,16.555,1.0,1.0,8.0,6.85,1.0,1.0,7.0,60.74,1.0,1.0,1.0,1.33,2.0,1.0
1501372800,6001.0,9.03,1.0,1.0,5.0,14.145,1.0,1.0,8.0,6.99,1.0,1.0,7.0,51.355,1.0,1.0,1.0,1.33,2.0,1.0
1501977600,6001.0,8.425,1.0,1.0,5.0,14.675,1.0,1.0,8.0,8.655000000000001,1.0,1.0,7.0,58.99,1.0,1.0,1.0,1.33,2.0,1.0
1502582400,6001.0,8.815,1.0,1.0,5.0,13.145,1.0,1.0,8.0,6.915,1.0,1.0,7.0,63.845,1.0,1.0,1.0,1.33,2.0,1.0
1503187200,6001.0,8.895,1.0,1.0,5.0,13.27,1.0,1.0,8.0,8.23,1.0,1.0,7.0,56.67,1.0,1.0,1.0,1.33,2.0,1.0
1503792000,6001.0,9.475,1.0,1.0,5.0,13.96,1.0,1.0,8.0,10.21,1.0,1.0,7.0,47.395,1.0,1.0,1.0,1.33,2.0,1.0
1504396800,6001.0,8.0,1.0,1.0,5.0,11.05,1.0,1.0,8.0,10.945,1.0,1.0,7.0,52.620000000000005,1.0,1.0,1.0,1.33,2.0,1.0
1505001600,6001.0,9.365,1.0,1.0,5.0,11.955,1.0,1.0,8.0,11.415,1.0,1.0,7.0,44.18,1.0,1.0,1.0,1.33,2.0,1.0
1505606400,6001.0,4.795,1.0,1.0,5.0,6.84,1.0,1.0,8.0,10.38,1.0,1.0,7.0,45.225,1.0,1.0,1.0,1.33,2.0,1.0
1506211200,6001.0,13.73,1.0,1.0,5.0,16.525,1.0,1.0,8.0,14.825,1.0,1.0,7.0,29.275,1.0,1.0,1.0,1.33,2.0,1.0
1506816000,6001.0,26.77,1.0,1.0,5.0,36.15,1.0,1.0,8.0,12.835,1.0,1.0,7.0,33.445,1.0,1.0,1.0,1.33,2.0,1.0
1507420800,6001.0,6.26,1.0,1.0,5.0,7.985,1.0,1.0,8.0,7.665,1.0,1.0,7.0,47.665,1.0,1.0,1.0,1.33,2.0,1.0
1508025600,6001.0,11.54,1.0,1.0,5.0,13.835,1.0,1.0,8.0,12.46,1.0,1.0,7.0,33.075,1.0,1.0,1.0,1.33,2.0,1.0
1508630400,6001.0,21.6,1.0,1.0,5.0,29.575,1.0,1.0,8.0,20.62,1.0,1.0,7.0,21.705,1.0,1.0,1.0,1.33,2.0,1.0
1509235200,6001.0,9.725,1.0,1.0,5.0,11.235,1.0,1.0,8.0,8.91,1.0,1.0,7.0,47.25,1.0,1.0,1.0,1.33,2.0,1.0
1509840000,6001.0,16.095,1.0,1.0,5.0,17.725,1.0,1.0,8.0,12.35,1.0,1.0,7.0,30.485,1.0,1.0,1.0,1.33,2.0,1.0
1510444800,6001.0,13.44,1.0,1.0,5.0,14.35,1.0,1.0,8.0,12.25,1.0,1.0,7.0,30.58,1.0,1.0,1.0,1.33,2.0,1.0
1511049600,6001.0,11.735,1.0,1.0,5.0,13.44,1.0,1.0,8.0,16.92,1.0,1.0,7.0,26.775,1.0,1.0,1.0,1.33,2.0,1.0
1511654400,6001.0,10.49,1.0,1.0,5.0,11.525,1.0,1.0,8.0,15.56,1.0,1.0,7.0,29.16,1.0,1.0,1.0,1.33,2.0,1.0
1512259200,6001.0,18.705,1.0,1.0,5.0,18.635,1.0,1.0,8.0,17.585,1.0,1.0,7.0,17.585,1.0,1.0,1.0,1.33,2.0,1.0
1512864000,6001.0,9.245,1.0,1.0,5.0,9.67,1.0,1.0,8.0,12.14,1.0,1.0,7.0,46.435,1.0,1.0,1.0,1.33,2.0,1.0
1513468800,6001.0,8.74,1.0,1.0,5.0,9.055,1.0,1.0,8.0,15.545,1.0,1.0,7.0,35.4,1.0,1.0,1.0,1.33,2.0,1.0
1514073600,6001.0,12.4,1.0,1.0,5.0,12.585,1.0,1.0,8.0,14.745,1.0,1.0,7.0,25.355,1.0,1.0,1.0,1.33,2.0,1.0
1514678400,6001.0,7.7,1.0,1.0,5.0,8.75,1.0,1.0,8.0,9.99,1.0,1.0,7.0,39.55,1.0,1.0,1.0,1.33,2.0,1.0
1515283200,6001.0,4.5,1.0,1.0,5.0,4.8,1.0,1.0,8.0,9.45,1.0,1.0,7.0,47.8,1.0,1.0,1.0,1.3,2.0,1.0
1515888000,6001.0,22.5,1.0,1.0,5.0,23.05,1.0,1.0,8.0,19.2,1.0,1.0,7.0,22.9,1.0,1.0,1.0,1.3,2.0,1.0
1516492800,6001.0,10.95,1.0,1.0,5.0,11.75,1.0,1.0,8.0,13.35,1.0,1.0,7.0,37.45,1.0,1.0,1.0,1.3,2.0,1.0
1517097600,6001.0,13.95,1.0,1.0,5.0,14.8,1.0,1.0,8.0,16.2,1.0,1.0,7.0,34.9,1.0,1.0,1.0,1.3,2.0,1.0
1517702400,6001.0,7.25,1.0,1.0,5.0,8.2,1.0,1.0,8.0,12.3,1.0,1.0,7.0,42.1,1.0,1.0,1.0,1.3,2.0,1.0
1518307200,6001.0,31.15,1.0,1.0,5.0,33.45,1.0,1.0,8.0,31.4,1.0,1.0,7.0,23.45,1.0,1.0,1.0,1.3,2.0,1.0
1518912000,6001.0,19.4,1.0,1.0,5.0,22.05,1.0,1.0,8.0,21.7,1.0,1.0,7.0,37.05,1.0,1.0,1.0,1.3,2.0,1.0
1519516800,6001.0,17.799999999999997,1.0,1.0,5.0,19.2,1.0,1.0,8.0,21.85,1.0,1.0,7.0,45.85,1.0,1.0,1.0,1.3,2.0,1.0
1520121600,6001.0,24.9,1.0,1.0,5.0,31.35,1.0,1.0,8.0,17.5,1.0,1.0,7.0,56.45,1.0,1.0,1.0,3.9,1.0,1.0
1520726400,6001.0,24.85,1.0,1.0,5.0,26.8,1.0,1.0,8.0,26.25,1.0,1.0,7.0,37.5,1.0,1.0,1.0,1.3,2.0,1.0
1521331200,6001.0,12.0,1.0,1.0,5.0,13.6,1.0,1.0,8.0,12.45,1.0,1.0,7.0,50.85,1.0,1.0,1.0,1.3,2.0,1.0
1521936000,6001.0,15.3,1.0,1.0,5.0,16.85,1.0,1.0,8.0,20.9,1.0,1.0,7.0,47.55,1.0,1.0,1.0,1.3,2.0,1.0
1522540800,6001.0,17.200000000000003,1.0,1.0,5.0,17.75,1.0,1.0,8.0,13.45,1.0,1.0,7.0,56.6,1.0,1.0,1.0,1.3,2.0,1.0
1523145600,6001.0,9.85,1.0,1.0,5.0,13.6,1.0,1.0,8.0,10.35,1.0,1.0,7.0,74.8,1.0,1.0,1.0,1.3,2.0,1.0
1523750400,6001.0,24.1,1.0,1.0,5.0,30.65,1.0,1.0,8.0,13.5,1.0,1.0,7.0,66.05000000000001,1.0,1.0,1.0,1.3,2.0,1.0
1524355200,6001.0,15.6,1.0,1.0,5.0,21.75,1.0,1.0,8.0,15.6,1.0,1.0,7.0,55.95,1.0,1.0,1.0,1.3,2.0,1.0
1524960000,6001.0,10.65,1.0,1.0,5.0,15.8,1.0,1.0,8.0,11.05,1.0,1.0,7.0,68.85,1.0,1.0,1.0,1.3,2.0,1.0
1525564800,6001.0,5.75,1.0,1.0,5.0,12.2,1.0,1.0,8.0,10.1,1.0,1.0,7.0,76.30000000000001,1.0,1.0,1.0,1.3,2.0,1.0
1526169600,6001.0,12.1,1.0,1.0,5.0,24.700000000000003,1.0,1.0,8.0,10.15,1.0,1.0,7.0,78.35,1.0,1.0,1.0,1.3,2.0,1.0
1526774400,6001.0,12.25,1.0,1.0,5.0,20.95,1.0,1.0,8.0,9.1,1.0,1.0,7.0,70.8,1.0,1.0,1.0,1.3,2.0,1.0
1527379200,6001.0,8.1,1.0,1.0,5.0,18.85,1.0,1.0,8.0,10.45,1.0,1.0,7.0,96.65,1.0,1.0,1.0,1.3,2.0,1.0
1527984000,6001.0,17.05,1.0,1.0,5.0,28.4,1.0,1.0,8.0,9.25,1.0,1.0,7.0,94.8,1.0,1.0,1.0,1.3,2.0,1.0
1528588800,6001.0,7.949999999999999,1.0,1.0,5.0,19.95,1.0,1.0,8.0,8.0,1.0,1.0,7.0,89.19999999999999,1.0,1.0,1.0,1.3,2.0,1.0
1529193600,6001.0,9.75,1.0,1.0,5.0,16.05,1.0,1.0,8.0,6.45,1.0,1.0,7.0,73.65,1.0,1.0,1.0,1.3,2.0,1.0
1529798400,6001.0,7.35,1.0,1.0,5.0,11.6,1.0,1.0,8.0,5.95,1.0,1.0,7.0,58.55,1.0,1.0,1.0,1.3,2.0,1.0
1530403200,6001.0,5.7,1.0,1.0,5.0,10.7,1.0,1.0,8.0,5.1,1.0,1.0,7.0,67.85,1.0,1.0,1.0,1.3,2.0,1.0
1531008000,6001.0,5.8,1.0,1.0,5.0,13.3,1.0,1.0,8.0,4.9,1.0,1.0,7.0,75.75,1.0,1.0,1.0,1.3,2.0,1.0
1531612800,6001.0,7.6,1.0,1.0,5.0,13.45,1.0,1.0,8.0,6.85,1.0,1.0,7.0,59.05,1.0,1.0,1.0,1.3,2.0,1.0
1532217600,6001.0,9.25,1.0,1.0,5.0,18.1,1.0,1.0,8.0,7.15,1.0,1.0,7.0,86.25,1.0,1.0,1.0,1.3,2.0,1.0
1532822400,6001.0,8.0,1.0,1.0,5.0,17.55,1.0,1.0,8.0,8.649999999999999,1.0,1.0,7.0,80.6,1.0,1.0,1.0,1.3,2.0,1.0
1533427200,6001.0,7.4,1.0,1.0,5.0,15.95,1.0,1.0,8.0,8.05,1.0,1.0,7.0,89.35,1.0,1.0,1.0,1.3,2.0,1.0
1534032000,6001.0,6.1,1.0,1.0,5.0,13.3,1.0,1.0,8.0,8.75,1.0,1.0,7.0,83.44999999999999,1.0,1.0,1.0,1.3,2.0,1.0
1534636800,6001.0,7.6,1.0,1.0,5.0,16.799999999999997,1.0,1.0,8.0,8.25,1.0,1.0,7.0,67.35,1.0,1.0,1.0,1.3,2.0,1.0
1535241600,6001.0,6.4,1.0,1.0,5.0,17.0,1.0,1.0,8.0,9.1,1.0,1.0,7.0,57.05,1.0,1.0,1.0,1.3,2.0,1.0
1535846400,6001.0,8.75,1.0,1.0,5.0,15.0,1.0,1.0,8.0,10.25,1.0,1.0,7.0,56.6,1.0,1.0,1.0,1.3,2.0,1.0
1536451200,6001.0,10.55,1.0,1.0,5.0,19.25,1.0,1.0,8.0,11.35,1.0,1.0,7.0,70.15,1.0,1.0,1.0,1.3,2.0,1.0
1537056000,6001.0,7.3,1.0,1.0,5.0,15.75,1.0,1.0,8.0,12.0,1.0,1.0,7.0,51.65,1.0,1.0,1.0,1.3,2.0,1.0
1537660800,6001.0,11.7,1.0,1.0,5.0,28.3,1.0,1.0,8.0,13.25,1.0,1.0,7.0,53.1,1.0,1.0,1.0,1.3,2.0,1.0
1538265600,6001.0,5.25,1.0,1.0,5.0,9.2,1.0,1.0,8.0,13.1,1.0,1.0,7.0,47.85,1.0,1.0,1.0,1.3,2.0,1.0
1538870400,6001.0,7.800000000000001,1.0,1.0,5.0,11.2,1.0,1.0,8.0,15.25,1.0,1.0,7.0,41.85,1.0,1.0,1.0,1.3,2.0,1.0
1539475200,6001.0,24.85,1.0,1.0,5.0,38.650000000000006,1.0,1.0,8.0,26.6,1.0,1.0,7.0,53.1,1.0,1.0,1.0,1.3,2.0,1.0
1540080000,6001.0,20.05,1.0,1.0,5.0,36.25,1.0,1.0,8.0,31.25,1.0,1.0,7.0,33.7,1.0,1.0,1.0,1.3,2.0,1.0
1540684800,6001.0,5.6,1.0,1.0,5.0,7.0,1.0,1.0,8.0,7.8,1.0,1.0,7.0,49.05,1.0,1.0,1.0,1.3,2.0,1.0
1541289600,6001.0,15.45,1.0,1.0,5.0,19.8,1.0,1.0,8.0,17.8,1.0,1.0,7.0,16.65,1.0,1.0,1.0,1.3,2.0,1.0
1541894400,6001.0,27.25,1.0,1.0,5.0,30.05,1.0,1.0,8.0,24.4,1.0,1.0,7.0,8.350000000000001,1.0,1.0,1.0,1.3,2.0,1.0
1542499200,6001.0,16.0,1.0,1.0,5.0,18.35,1.0,1.0,8.0,20.9,1.0,1.0,7.0,17.65,1.0,1.0,1.0,1.3,2.0,1.0
1543104000,6001.0,29.1,1.0,1.0,5.0,30.45,1.0,1.0,8.0,16.3,1.0,1.0,7.0,22.9,1.0,1.0,1.0,1.3,2.0,1.0
1543708800,6001.0,20.8,1.0,1.0,5.0,22.3,1.0,1.0,8.0,20.25,1.0,1.0,7.0,23.75,1.0,1.0,1.0,1.3,2.0,1.0
1544313600,6001.0,4.95,1.0,1.0,5.0,6.05,1.0,1.0,8.0,12.15,1.0,1.0,7.0,39.4,1.0,1.0,1.0,1.3,2.0,1.0
1544918400,6001.0,13.7,1.0,1.0,5.0,14.55,1.0,1.0,8.0,14.0,1.0,1.0,7.0,22.1,1.0,1.0,1.0,1.3,2.0,1.0
1545523200,6001.0,16.1,1.0,1.0,5.0,16.85,1.0,1.0,8.0,22.45,1.0,1.0,7.0,16.25,1.0,1.0,1.0,1.3,2.0,1.0
1546128000,6001.0,11.05,1.0,1.0,5.0,11.2,1.0,1.0,8.0,9.0,1.0,1.0,7.0,37.4,1.0,1.0,1.0,1.3,2.0,1.0
1546732800,6001.0,6.75,1.0,1.0,5.0,8.4,1.0,1.0,8.0,7.199999999999999,1.0,1.0,7.0,50.25,1.0,1.0,1.0,1.3,2.0,1.0
1547337600,6001.0,3.95,1.0,1.0,5.0,4.75,1.0,1.0,8.0,7.45,1.0,1.0,7.0,54.5,1.0,1.0,1.0,1.3,2.0,1.0
1547942400,6001.0,8.850000000000001,1.0,1.0,5.0,10.7,1.0,1.0,8.0,12.85,1.0,1.0,7.0,44.55,1.0,1.0,1.0,1.3,2.0,1.0
1548547200,6001.0,28.9,1.0,1.0,5.0,33.75,1.0,1.0,8.0,21.85,1.0,1.0,7.0,28.05,1.0,1.0,1.0,1.3,2.0,1.0
1549152000,6001.0,19.95,1.0,1.0,5.0,24.55,1.0,1.0,8.0,21.9,1.0,1.0,7.0,27.65,1.0,1.0,1.0,1.3,2.0,1.0
1549756800,6001.0,10.9,1.0,1.0,5.0,13.3,1.0,1.0,8.0,15.75,1.0,1.0,7.0,41.85,1.0,1.0,1.0,1.3,2.0,1.0
1550361600,6001.0,15.35,1.0,1.0,5.0,19.450000000000003,1.0,1.0,8.0,23.4,1.0,1.0,7.0,32.75,1.0,1.0,1.0,1.3,2.0,1.0
1550966400,6001.0,16.65,1.0,1.0,5.0,22.4,1.0,1.0,8.0,20.95,1.0,1.0,7.0,41.5,1.0,1.0,1.0,1.3,2.0,1.0
1551571200,6001.0,21.45,1.0,1.0,5.0,26.35,1.0,1.0,8.0,20.1,1.0,1.0,7.0,37.45,1.0,1.0,1.0,1.3,2.0,1.0
1552176000,6001.0,6.15,1.0,1.0,5.0,7.8,1.0,1.0,8.0,9.3,1.0,1.0,7.0,64.8,1.0,1.0,1.0,1.3,2.0,1.0
1552780800,6001.0,4.05,1.0,1.0,5.0,5.5,1.0,1.0,8.0,8.85,1.0,1.0,7.0,69.55,1.0,1.0,1.0,1.3,2.0,1.0
1553385600,6001.0,15.1,1.0,1.0,5.0,18.65,1.0,1.0,8.0,12.05,1.0,1.0,7.0,51.6,1.0,1.0,1.0,1.3,2.0,1.0
1553990400,6001.0,8.75,1.0,1.0,5.0,10.7,1.0,1.0,8.0,10.1,1.0,1.0,7.0,59.1,1.0,1.0,1.0,1.3,2.0,1.0
1554595200,6001.0,23.200000000000003,1.0,1.0,5.0,37.45,1.0,1.0,8.0,17.200000000000003,1.0,1.0,7.0,70.05000000000001,1.0,1.0,1.0,3.0,1.0,1.0
1555200000,6001.0,14.05,1.0,1.0,5.0,18.950000000000003,1.0,1.0,8.0,12.5,1.0,1.0,7.0,66.19999999999999,1.0,1.0,1.0,2.0,2.0,1.0
1555804800,6001.0,11.55,1.0,1.0,5.0,25.200000000000003,1.0,1.0,8.0,12.55,1.0,1.0,7.0,84.4,1.0,1.0,1.0,3.1,1.0,1.0
1556409600,6001.0,10.6,1.0,1.0,5.0,22.75,1.0,1.0,8.0,8.25,1.0,1.0,7.0,82.05,1.0,1.0,1.0,2.0,2.0,1.0
1557014400,6001.0,7.2,1.0,1.0,5.0,11.2,1.0,1.0,8.0,7.0,1.0,1.0,7.0,76.4,1.0,1.0,1.0,1.3,2.0,1.0
1557619200,6001.0,6.8,1.0,1.0,5.0,10.55,1.0,1.0,8.0,8.4,1.0,1.0,7.0,71.9,1.0,1.0,1.0,1.3,2.0,1.0
1558224000,6001.0,4.699999999999999,1.0,1.0,5.0,11.05,1.0,1.0,8.0,9.65,1.0,1.0,7.0,67.1,1.0,1.0,1.0,1.3,2.0,1.0
1558828800,6001.0,8.25,1.0,1.0,5.0,12.1,1.0,1.0,8.0,8.45,1.0,1.0,7.0,69.9,1.0,1.0,1.0,2.1,2.0,1.0
1559433600,6001.0,7.800000000000001,1.0,1.0,5.0,12.3,1.0,1.0,8.0,7.45,1.0,1.0,7.0,68.7,1.0,1.0,1.0,3.0,1.0,1.0
1560038400,6001.0,7.949999999999999,1.0,1.0,5.0,18.6,1.0,1.0,8.0,7.7,1.0,1.0,7.0,85.44999999999999,1.0,1.0,1.0,3.3,1.0,1.0
1560643200,6001.0,8.9,1.0,1.0,5.0,14.45,1.0,1.0,8.0,8.6,1.0,1.0,7.0,91.4,1.0,1.0,1.0,3.7,1.0,1.0
1561248000,6001.0,7.7,1.0,1.0,5.0,14.05,1.0,1.0,8.0,7.9,1.0,1.0,7.0,85.8,1.0,1.0,1.0,3.8,1.0,1.0
1561852800,6001.0,7.8,1.0,1.0,5.0,16.9,1.0,1.0,8.0,6.9,1.0,1.0,7.0,85.65,1.0,1.0,1.0,3.4,1.0,1.0
1562457600,6001.0,5.0,1.0,1.0,5.0,10.9,1.0,1.0,8.0,4.5,1.0,1.0,7.0,67.5,1.0,1.0,1.0,1.3,2.0,1.0
1563062400,6001.0,5.9,1.0,1.0,5.0,9.45,1.0,1.0,8.0,6.7,1.0,1.0,7.0,60.6,1.0,1.0,1.0,1.3,2.0,1.0
1563667200,6001.0,6.5,1.0,1.0,5.0,11.6,1.0,1.0,8.0,6.3,1.0,1.0,7.0,58.4,1.0,1.0,1.0,1.3,2.0,1.0
1564272000,6001.0,6.65,1.0,1.0,5.0,15.15,1.0,1.0,8.0,7.95,1.0,1.0,7.0,75.15,1.0,1.0,1.0,1.3,2.0,1.0
1564876800,6001.0,9.3,1.0,1.0,5.0,12.5,1.0,1.0,8.0,10.4,1.0,1.0,7.0,59.05,1.0,1.0,1.0,1.3,2.0,1.0
1565481600,6001.0,6.7,1.0,1.0,5.0,14.0,1.0,1.0,8.0,10.0,1.0,1.0,7.0,70.4,1.0,1.0,1.0,1.3,2.0,1.0
1566086400,6001.0,5.1,1.0,1.0,5.0,11.25,1.0,1.0,8.0,8.25,1.0,1.0,7.0,61.400000000000006,1.0,1.0,1.0,1.3,2.0,1.0
1566691200,6001.0,9.65,1.0,1.0,5.0,17.88267358457683,1.0,1.0,8.0,11.0,1.0,1.0,7.0,75.4,1.0,1.0,1.0,1.3,2.0,1.0
1567296000,6001.0,12.35,1.0,1.0,5.0,26.85,1.0,1.0,8.0,13.1,1.0,1.0,7.0,84.35,1.0,1.0,1.0,1.3,2.0,1.0
1567900800,6001.0,6.15,1.0,1.0,5.0,16.950000000000003,1.0,1.0,8.0,10.1,1.0,1.0,7.0,59.85,1.0,1.0,1.0,1.3,2.0,1.0
1568505600,6001.0,7.65,1.0,1.0,5.0,12.65,1.0,1.0,8.0,11.15,1.0,1.0,7.0,51.21027369886682,1.0,1.0,1.0,1.3,2.0,1.0
1569110400,6001.0,6.0,1.0,1.0,5.0,11.95,1.0,1.0,8.0,9.85,1.0,1.0,7.0,48.35,1.0,1.0,1.0,1.3,2.0,1.0
1569715200,6001.0,7.4,1.0,1.0,5.0,10.85,1.0,1.0,8.0,15.2,1.0,1.0,7.0,30.45,1.0,1.0,1.0,1.3,2.0,1.0
1570320000,6001.0,4.5,1.0,1.0,5.0,6.2,1.0,1.0,8.0,9.05,1.0,1.0,7.0,37.8,1.0,1.0,1.0,1.3,2.0,1.0
1570924800,6001.0,6.6,1.0,1.0,5.0,10.8,1.0,1.0,8.0,10.65,1.0,1.0,7.0,40.2,1.0,1.0,1.0,1.3,2.0,1.0
1571529600,6001.0,6.5,1.0,1.0,5.0,10.9,1.0,1.0,8.0,14.0,1.0,1.0,7.0,32.2,1.0,1.0,1.0,1.3,2.0,1.0
1572134400,6001.0,13.033407530159494,1.0,1.0,5.0,17.865347169153658,1.0,1.0,8.0,16.22741223810504,1.0,1.0,7.0,34.6,1.0,1.0,1.0,1.3,2.0,1.0
1572739200,6001.0,10.2,1.0,1.0,5.0,13.5,1.0,1.0,8.0,17.2,1.0,1.0,7.0,26.1,1.0,1.0,1.0,1.3,2.0,1.0
1573344000,6001.0,10.7,1.0,1.0,5.0,14.15,1.0,1.0,8.0,16.0,1.0,1.0,7.0,17.35,1.0,1.0,1.0,1.3,2.0,1.0
1573948800,6001.0,16.85,1.0,1.0,5.0,20.6,1.0,1.0,8.0,20.35,1.0,1.0,7.0,13.65,1.0,1.0,1.0,1.3,2.0,1.0
1574553600,6001.0,21.3,1.0,1.0,5.0,26.8,1.0,1.0,8.0,19.65,1.0,1.0,7.0,8.95,1.0,1.0,1.0,1.3,2.0,1.0
1575158400,6001.0,12.55,1.0,1.0,5.0,15.65,1.0,1.0,8.0,18.05,1.0,1.0,7.0,20.35,1.0,1.0,1.0,1.3,2.0,1.0
1575763200,6001.0,12.2,1.0,1.0,5.0,14.4,1.0,1.0,8.0,16.26370611905252,1.0,1.0,7.0,31.9,1.0,1.0,1.0,1.3,2.0,1.0
1576368000,6001.0,7.2,1.0,1.0,5.0,9.85,1.0,1.0,8.0,16.25,1.0,1.0,7.0,45.15,1.0,1.0,1.0,1.3,2.0,1.0
1576972800,6001.0,11.55,1.0,1.0,5.0,14.2,1.0,1.0,8.0,25.6,1.0,1.0,7.0,13.35,1.0,1.0,1.0,1.3,2.0,1.0
1577577600,6001.0,7.15,1.0,1.0,5.0,8.5,1.0,1.0,8.0,10.2,1.0,1.0,7.0,41.75,1.0,1.0,1.0,1.3,2.0,1.0
1578182400,6001.0,8.0,1.0,1.0,5.0,10.55,1.0,1.0,8.0,14.0,1.0,1.0,7.0,39.65,1.0,1.0,1.0,1.3,2.0,1.0
1578787200,6001.0,9.0,1.0,1.0,5.0,9.9,1.0,1.0,8.0,13.1,1.0,1.0,7.0,42.150000000000006,1.0,1.0,1.0,1.3,2.0,1.0
1579392000,6001.0,8.0,1.0,1.0,5.0,9.55,1.0,1.0,8.0,16.45,1.0,1.0,7.0,44.75,1.0,1.0,1.0,1.3,2.0,1.0
1579996800,6001.0,13.0,1.0,1.0,5.0,14.65,1.0,1.0,8.0,20.0,1.0,1.0,7.0,27.0,1.0,1.0,1.0,1.3,2.0,1.0
1580601600,6001.0,5.0,1.0,1.0,5.0,6.4,1.0,1.0,8.0,11.55,1.0,1.0,7.0,56.25,1.0,1.0,1.0,1.3,2.0,1.0
1581206400,6001.0,7.0,1.0,1.0,5.0,8.9,1.0,1.0,8.0,11.2,1.0,1.0,7.0,53.2,1.0,1.0,1.0,1.3,2.0,1.0
1581811200,6001.0,5.0,1.0,1.0,5.0,6.199999999999999,1.0,1.0,8.0,10.2,1.0,1.0,7.0,61.65,1.0,1.0,1.0,1.3,2.0,1.0
1582416000,6001.0,3.0,1.0,1.0,5.0,4.5,1.0,1.0,8.0,7.95,1.0,1.0,7.0,64.5,1.0,1.0,1.0,1.3,2.0,1.0
1583020800,6001.0,5.0,1.0,1.0,5.0,6.6,1.0,1.0,8.0,9.9,1.0,1.0,7.0,62.7,1.0,1.0,1.0,1.3,2.0,1.0
1583625600,6001.0,12.0,1.0,1.0,5.0,13.3,1.0,1.0,8.0,13.0,1.0,1.0,7.0,50.6,1.0,1.0,1.0,1.3,2.0,1.0
1584230400,6001.0,5.0,1.0,1.0,5.0,6.05,1.0,1.0,8.0,9.15,1.0,1.0,7.0,62.05,1.0,1.0,1.0,1.3,2.0,1.0
1584835200,6001.0,9.0,1.0,1.0,5.0,11.5,1.0,1.0,8.0,11.3,1.0,1.0,7.0,60.95,1.0,1.0,1.0,2.1500000000000004,2.0,1.0
1585440000,6001.0,19.0,1.0,1.0,5.0,24.9,1.0,1.0,8.0,12.1,1.0,1.0,7.0,78.35,1.0,1.0,1.0,3.8,1.0,1.0
1586044800,6001.0,6.0,1.0,1.0,5.0,8.850000000000001,1.0,1.0,8.0,9.55,1.0,1.0,7.0,70.69999999999999,1.0,1.0,1.0,1.3,2.0,1.0
1586649600,6001.0,10.0,1.0,1.0,5.0,17.8,1.0,1.0,8.0,9.35,1.0,1.0,7.0,78.0,1.0,1.0,1.0,1.3,2.0,1.0
1587254400,6001.0,6.0,1.0,1.0,5.0,11.35,1.0,1.0,8.0,6.05,1.0,1.0,7.0,79.5,1.0,1.0,1.0,1.3,2.0,1.0
1587859200,6001.0,6.0,1.0,1.0,5.0,14.25,1.0,1.0,8.0,7.0,1.0,1.0,7.0,87.8,1.0,1.0,1.0,1.3,2.0,1.0
1588464000,6001.0,6.0,1.0,1.0,5.0,8.149999999999999,1.0,1.0,8.0,7.5,1.0,1.0,7.0,70.65,1.0,1.0,1.0,1.3,2.0,1.0
1589068800,6001.0,9.0,1.0,1.0,5.0,11.8,1.0,1.0,8.0,9.7,1.0,1.0,7.0,76.55,1.0,1.0,1.0,1.3,2.0,1.0
1589673600,6001.0,4.0,1.0,1.0,5.0,6.25,1.0,1.0,8.0,6.9,1.0,1.0,7.0,75.6,1.0,1.0,1.0,1.3,2.0,1.0
1590278400,6001.0,6.0,1.0,1.0,5.0,10.65,1.0,1.0,8.0,6.9,1.0,1.0,7.0,76.25,1.0,1.0,1.0,1.3,2.0,1.0
1590883200,6001.0,4.0,1.0,1.0,5.0,7.4,1.0,1.0,8.0,5.1,1.0,1.0,7.0,72.1,1.0,1.0,1.0,1.3,2.0,1.0
1591488000,6001.0,4.0,1.0,1.0,5.0,8.0,1.0,1.0,8.0,7.05,1.0,1.0,7.0,72.80000000000001,1.0,1.0,1.0,1.3,2.0,1.0
1592092800,6001.0,9.0,1.0,1.0,5.0,13.1,1.0,1.0,8.0,8.2,1.0,1.0,7.0,73.55,1.0,1.0,1.0,1.3,2.0,1.0
1592697600,6001.0,7.0,1.0,1.0,5.0,13.15,1.0,1.0,8.0,6.85,1.0,1.0,7.0,77.25,1.0,1.0,1.0,1.3,2.0,1.0
1593302400,6001.0,7.0,1.0,1.0,5.0,12.15,1.0,1.0,8.0,6.35,1.0,1.0,7.0,75.15,1.0,1.0,1.0,1.3,2.0,1.0
1593907200,6001.0,5.0,1.0,1.0,5.0,9.1,1.0,1.0,8.0,6.1,1.0,1.0,7.0,67.4,1.0,1.0,1.0,1.3,2.0,1.0
1594512000,6001.0,4.0,1.0,1.0,5.0,6.3,1.0,1.0,8.0,6.0,1.0,1.0,7.0,56.7,1.0,1.0,1.0,1.3,2.0,1.0
1595116800,6001.0,8.0,1.0,1.0,5.0,10.65,1.0,1.0,8.0,8.1,1.0,1.0,7.0,63.2,1.0,1.0,1.0,1.3,2.0,1.0
1595721600,6001.0,5.0,1.0,1.0,5.0,7.95,1.0,1.0,8.0,6.35,1.0,1.0,7.0,64.94999999999999,1.0,1.0,1.0,1.3,2.0,1.0
1596326400,6001.0,5.0,1.0,1.0,5.0,10.75,1.0,1.0,8.0,7.7,1.0,1.0,7.0,69.95,1.0,1.0,1.0,1.3,2.0,1.0
1596931200,6001.0,9.0,1.0,1.0,5.0,19.35,1.0,1.0,8.0,8.3,1.0,1.0,7.0,72.95,1.0,1.0,1.0,1.3,2.0,1.0
1597536000,6001.0,10.0,1.0,1.0,5.0,24.85,1.0,1.0,8.0,10.05,1.0,1.0,7.0,99.2,1.0,1.0,1.0,1.3,2.0,1.0
1598140800,6001.0,7.0,1.0,1.0,5.0,14.95,1.0,1.0,8.0,9.05,1.0,1.0,7.0,82.3,1.0,1.0,1.0,1.3,2.0,1.0
1598745600,6001.0,5.0,1.0,1.0,5.0,8.05,1.0,1.0,8.0,8.5,1.0,1.0,7.0,61.7,1.0,1.0,1.0,1.3,2.0,1.0
1599350400,6001.0,5.0,1.0,1.0,5.0,6.3,1.0,1.0,8.0,9.0,1.0,1.0,7.0,53.1,1.0,1.0,1.0,1.3,2.0,1.0
1599955200,6001.0,7.0,1.0,1.0,5.0,12.0,1.0,1.0,8.0,10.2,1.0,1.0,7.0,46.0,1.0,1.0,1.0,1.3,2.0,1.0
1600560000,6001.0,8.5,1.0,1.0,5.0,21.65,1.0,1.0,8.0,13.8,1.0,1.0,7.0,60.7,1.0,1.0,1.0,1.3,2.0,1.0
1601164800,6001.0,9.0,1.0,1.0,5.0,23.3,1.0,1.0,8.0,16.3,1.0,1.0,7.0,49.95,1.0,1.0,1.0,1.3,2.0,1.0
1601769600,6001.0,10.0,1.0,1.0,5.0,14.1,1.0,1.0,8.0,14.15,1.0,1.0,7.0,32.4,1.0,1.0,1.0,1.3,2.0,1.0
1602374400,6001.0,4.0,1.0,1.0,5.0,5.75,1.0,1.0,8.0,11.45,1.0,1.0,7.0,37.95,1.0,1.0,1.0,1.3,2.0,1.0
1602979200,6001.0,4.0,1.0,1.0,5.0,5.6,1.0,1.0,8.0,8.1,1.0,1.0,7.0,45.2,1.0,1.0,1.0,1.3,2.0,1.0
1603584000,6001.0,11.0,1.0,1.0,5.0,14.55,1.0,1.0,8.0,14.3,1.0,1.0,7.0,35.650000000000006,1.0,1.0,1.0,1.3,2.0,1.0
1604188800,6001.0,6.0,1.0,1.0,5.0,8.850000000000001,1.0,1.0,8.0,10.6,1.0,1.0,7.0,32.150000000000006,1.0,1.0,1.0,1.3,2.0,1.0
1604793600,6001.0,10.0,1.0,1.0,5.0,12.6,1.0,1.0,8.0,14.1,1.0,1.0,7.0,32.95,1.0,1.0,1.0,1.3,2.0,1.0
1605398400,6001.0,17.0,1.0,1.0,5.0,19.55,1.0,1.0,8.0,17.549999999999997,1.0,1.0,7.0,17.3,1.0,1.0,1.0,1.3,2.0,1.0
1606003200,6001.0,6.0,1.0,1.0,5.0,7.4,1.0,1.0,8.0,12.05,1.0,1.0,7.0,38.6,1.0,1.0,1.0,1.3,2.0,1.0
1606608000,6001.0,14.0,1.0,1.0,5.0,16.1,1.0,1.0,8.0,20.4,1.0,1.0,7.0,21.65,1.0,1.0,1.0,1.3,2.0,1.0
1607212800,6001.0,20.0,1.0,1.0,5.0,22.0,1.0,1.0,8.0,23.05,1.0,1.0,7.0,16.799999999999997,1.0,1.0,1.0,1.3,2.0,1.0
1607817600,6001.0,29.0,1.0,1.0,5.0,31.25,1.0,1.0,8.0,23.3,1.0,1.0,7.0,6.55,1.0,1.0,1.0,2.8,1.0,1.0
1608422400,6001.0,13.0,1.0,1.0,5.0,13.7,1.0,1.0,8.0,19.45,1.0,1.0,7.0,13.6,1.0,1.0,1.0,1.3,2.0,1.0
1609027200,6001.0,6.0,1.0,1.0,5.0,6.65,1.0,1.0,8.0,8.75,1.0,1.0,7.0,44.15,1.0,1.0,1.0,1.3,2.0,1.0
1609632000,6001.0,9.0,1.0,1.0,5.0,9.9,1.0,1.0,8.0,13.8,1.0,1.0,7.0,27.85,1.0,1.0,1.0,2.392894,1.0,1.0
1610236800,6001.0,9.029819,1.0,1.0,5.0,9.3636805,1.0,1.0,8.0,12.658046,1.0,1.0,7.0,16.563998499999997,1.0,1.0,1.0,2.1911555,1.0,1.0
1610841600,6001.0,7.701743,1.0,1.0,5.0,8.0937825,1.0,1.0,8.0,11.1539215,1.0,1.0,7.0,43.059499,1.0,1.0,1.0,2.3183235,1.0,1.0
1611446400,6001.0,5.9195605,1.0,1.0,5.0,6.4281395,1.0,1.0,8.0,14.4949895,1.0,1.0,7.0,46.8069985,1.0,1.0,1.0,0.532641,2.0,1.0
1612051200,6001.0,12.266963,1.0,1.0,5.0,12.6827365,1.0,1.0,8.0,16.664272,1.0,1.0,7.0,38.64049850000001,1.0,1.0,1.0,1.109892,1.0,1.0
1612656000,6001.0,14.3064025,1.0,1.0,5.0,16.118472500000003,1.0,1.0,8.0,18.525089,1.0,1.0,7.0,38.461999500000005,1.0,1.0,1.0,1.970109,1.0,1.0
1613260800,6001.0,13.8736795,1.0,1.0,5.0,15.0347135,1.0,1.0,8.0,18.974417,1.0,1.0,7.0,56.0035015,1.0,1.0,1.0,1.7903425,1.0,1.0
1613865600,6001.0,13.482044,1.0,1.0,5.0,15.6383255,1.0,1.0,8.0,19.0818545,1.0,1.0,7.0,44.4894975,1.0,1.0,1.0,2.205803,1.0,1.0
1614470400,6001.0,18.908559,1.0,1.0,5.0,22.095241,1.0,1.0,8.0,15.887379,1.0,1.0,7.0,38.897001,1.0,1.0,1.0,2.1512075,1.0,1.0
1615075200,6001.0,10.941378,1.0,1.0,5.0,12.3848595,1.0,1.0,8.0,14.624869,1.0,1.0,7.0,46.9999995,1.0,1.0,1.0,1.4437395,1.0,1.0
1615680000,6001.0,4.680463,1.0,1.0,5.0,5.4278505,1.0,1.0,8.0,9.637859,1.0,1.0,7.0,66.3814995,1.0,1.0,1.0,1.283438,1.0,1.0
1616284800,6001.0,5.0154645,1.0,1.0,5.0,5.656411500000001,1.0,1.0,8.0,9.1780265,1.0,1.0,7.0,61.3115,1.0,1.0,1.0,1.3442984999999998,1.0,1.0
1616889600,6001.0,12.381619,1.0,1.0,5.0,13.7643495,1.0,1.0,8.0,13.302671,1.0,1.0,7.0,61.653001,1.0,1.0,1.0,1.36211,1.0,1.0
1617494400,6001.0,8.362561,1.0,1.0,5.0,11.8159765,1.0,1.0,8.0,9.708529,1.0,1.0,7.0,66.42300399999999,1.0,1.0,1.0,1.3417344999999998,1.0,1.0
1618099200,6001.0,6.430286,1.0,1.0,5.0,6.970657,1.0,1.0,8.0,8.451749,1.0,1.0,7.0,72.1200025,1.0,1.0,1.0,1.2862805,1.0,1.0
1618704000,6001.0,4.055698,1.0,1.0,5.0,5.464948,1.0,1.0,8.0,7.379284500000001,1.0,1.0,7.0,73.734001,1.0,1.0,1.0,1.205895,1.0,1.0
1619308800,6001.0,7.4139695,1.0,1.0,5.0,10.369134,1.0,1.0,8.0,6.833501500000001,1.0,1.0,7.0,72.64850200000001,1.0,1.0,1.0,1.228953,1.0,1.0
1619913600,6001.0,12.3897795,1.0,1.0,5.0,13.708966,1.0,1.0,8.0,9.593929,1.0,1.0,7.0,79.1415015,1.0,1.0,1.0,1.419826,1.0,1.0
1620518400,6001.0,5.3537555,1.0,1.0,5.0,7.028714000000001,1.0,1.0,8.0,7.692047,1.0,1.0,7.0,77.120998,1.0,1.0,1.0,1.353576,1.0,1.0
1621123200,6001.0,5.3332415,1.0,1.0,5.0,8.226318500000001,1.0,1.0,8.0,6.574697499999999,1.0,1.0,7.0,66.55149800000001,1.0,1.0,1.0,1.2776745,1.0,1.0
1621728000,6001.0,3.9475145,1.0,1.0,5.0,5.7146305,1.0,1.0,8.0,6.750894499999999,1.0,1.0,7.0,70.1885025,1.0,1.0,1.0,1.2883275,1.0,1.0
1622332800,6001.0,4.251528,1.0,1.0,5.0,6.4702395,1.0,1.0,8.0,5.7519645,1.0,1.0,7.0,71.11699999999999,1.0,1.0,1.0,1.3242805,1.0,1.0
1622937600,6001.0,8.480193,1.0,1.0,5.0,16.372914,1.0,1.0,8.0,9.713304,1.0,1.0,7.0,85.47900000000001,1.0,1.0,1.0,0.532641,2.0,1.0
1623542400,6001.0,7.647635,1.0,1.0,5.0,14.008383,1.0,1.0,8.0,5.379992,1.0,1.0,7.0,71.217994,1.0,1.0,1.0,0.532641,2.0,1.0
1624147200,6001.0,8.6492805,1.0,1.0,5.0,20.782372,1.0,1.0,8.0,8.3524295,1.0,1.0,7.0,87.0899955,1.0,1.0,1.0,0.532641,2.0,1.0
1624752000,6001.0,8.823957,1.0,1.0,5.0,12.875091,1.0,1.0,8.0,6.580904,1.0,1.0,7.0,70.53499550000001,1.0,1.0,1.0,0.532641,2.0,1.0
1625356800,6001.0,10.1051945,1.0,1.0,5.0,15.2360385,1.0,1.0,8.0,7.7908895,1.0,1.0,7.0,62.128,1.0,1.0,1.0,0.532641,2.0,1.0
1625961600,6001.0,6.879269,1.0,1.0,5.0,9.512943,1.0,1.0,8.0,8.570169,1.0,1.0,7.0,55.782001,1.0,1.0,1.0,0.532641,2.0,1.0
1626566400,6001.0,9.965976,1.0,1.0,5.0,13.759753,1.0,1.0,8.0,6.8745665,1.0,1.0,7.0,58.5225005,1.0,1.0,1.0,0.532641,2.0,1.0
1627171200,6001.0,9.9908235,1.0,1.0,5.0,15.813083,1.0,1.0,8.0,6.630087,1.0,1.0,7.0,61.5799995,1.0,1.0,1.0,1.703788,1.0,1.0
1627776000,6001.0,5.845931,1.0,1.0,5.0,13.502112,1.0,1.0,8.0,6.149244,1.0,1.0,7.0,76.40650149999999,1.0,1.0,1.0,1.700459,1.0,1.0
1628380800,6001.0,5.709183,1.0,1.0,5.0,8.085217499999999,1.0,1.0,8.0,7.961835000000001,1.0,1.0,7.0,59.4295,1.0,1.0,1.0,1.720433,1.0,1.0
1628985600,6001.0,7.432479,1.0,1.0,5.0,14.2471705,1.0,1.0,8.0,7.494839,1.0,1.0,7.0,64.8889995,1.0,1.0,1.0,1.956793,1.0,1.0
1629590400,6001.0,7.600311,1.0,1.0,5.0,12.2820095,1.0,1.0,8.0,6.4343115,1.0,1.0,7.0,59.948501,1.0,1.0,1.0,1.904195,1.0,1.0
1630195200,6001.0,3.9943325,1.0,1.0,5.0,5.731802,1.0,1.0,8.0,5.7529195,1.0,1.0,7.0,49.0034995,1.0,1.0,1.0,1.9707745,1.0,1.0
1630800000,6001.0,12.199045,1.0,1.0,5.0,15.6580895,1.0,1.0,8.0,7.8500995,1.0,1.0,7.0,51.191499500000006,1.0,1.0,1.0,1.9827595,1.0,1.0
1631404800,6001.0,14.4850065,1.0,1.0,5.0,20.012388,1.0,1.0,8.0,13.6302365,1.0,1.0,7.0,49.613998,1.0,1.0,1.0,2.35228,1.0,1.0
1632009600,6001.0,6.4979815,1.0,1.0,5.0,9.3215405,1.0,1.0,8.0,7.511551499999999,1.0,1.0,7.0,52.6269985,1.0,1.0,1.0,2.057995,1.0,1.0
1632614400,6001.0,9.8076215,1.0,1.0,5.0,14.6375495,1.0,1.0,8.0,9.3570895,1.0,1.0,7.0,49.707498,1.0,1.0,1.0,2.317658,1.0,1.0
1633219200,6001.0,8.933530000000001,1.0,1.0,5.0,11.960925,1.0,1.0,8.0,11.824332,1.0,1.0,7.0,48.5099995,1.0,1.0,1.0,2.3815755000000003,1.0,1.0
1633824000,6001.0,10.100639,1.0,1.0,5.0,13.4797355,1.0,1.0,8.0,17.497031999999997,1.0,1.0,7.0,37.3069985,1.0,1.0,1.0,2.502751,1.0,1.0
1634428800,6001.0,6.0355525,1.0,1.0,5.0,7.935366999999999,1.0,1.0,8.0,10.9485965,1.0,1.0,7.0,41.5794995,1.0,1.0,1.0,2.3289765,1.0,1.0
1635033600,6001.0,6.4639615,1.0,1.0,5.0,9.553139,1.0,1.0,8.0,9.693249,1.0,1.0,7.0,54.737001,1.0,1.0,1.0,2.478782,1.0,1.0
1635638400,6001.0,14.6855425,1.0,1.0,5.0,17.6269755,1.0,1.0,8.0,15.28,1.0,1.0,7.0,41.013002,1.0,1.0,1.0,2.801031,1.0,1.0
1636243200,6001.0,8.587356,1.0,1.0,5.0,10.012815,1.0,1.0,8.0,12.318067,1.0,1.0,7.0,43.176498,1.0,1.0,1.0,2.579984,1.0,1.0
1636848000,6001.0,14.959708,1.0,1.0,5.0,16.7296785,1.0,1.0,8.0,19.942309,1.0,1.0,7.0,18.0545005,1.0,1.0,1.0,2.8210045,1.0,1.0
1637452800,6001.0,12.438987,1.0,1.0,5.0,14.3925655,1.0,1.0,8.0,14.269132,1.0,1.0,7.0,36.775499,1.0,1.0,1.0,2.8489685,1.0,1.0
1638057600,6001.0,11.940311,1.0,1.0,5.0,12.954289,1.0,1.0,8.0,16.324292,1.0,1.0,7.0,35.4419985,1.0,1.0,1.0,2.754424,1.0,1.0
1638662400,6001.0,8.1314475,1.0,1.0,5.0,8.652379,1.0,1.0,8.0,12.7788535,1.0,1.0,7.0,43.958999000000006,1.0,1.0,1.0,2.624593,1.0,1.0
1639267200,6001.0,23.62614,1.0,1.0,5.0,24.553105,1.0,1.0,8.0,23.0699335,1.0,1.0,7.0,17.85,1.0,1.0,1.0,3.287732,1.0,1.0
1639872000,6001.0,9.396283,1.0,1.0,5.0,10.6712835,1.0,1.0,8.0,12.294192,1.0,1.0,7.0,38.7964985,1.0,1.0,1.0,2.797035,1.0,1.0
1640476800,6001.0,13.343109,1.0,1.0,5.0,14.5040015,1.0,1.0,8.0,21.093562,1.0,1.0,7.0,28.8439995,1.0,1.0,1.0,2.748432,1.0,1.0
1641081600,6001.0,11.832054,1.0,1.0,5.0,13.6926975,1.0,1.0,8.0,14.163604,1.0,1.0,7.0,33.768499,1.0,1.0,1.0,3.1512425,1.0,1.0
1641686400,6001.0,5.5863175,1.0,1.0,5.0,8.504793,1.0,1.0,8.0,12.137572,1.0,1.0,7.0,48.954997500000005,1.0,1.0,1.0,2.791709,1.0,1.0
1642291200,6001.0,15.0043095,1.0,1.0,5.0,17.6565195,1.0,1.0,8.0,14.9104145,1.0,1.0,7.0,37.53,1.0,1.0,1.0,2.890248,1.0,1.0
1642896000,6001.0,5.515668,1.0,1.0,5.0,8.851237000000001,1.0,1.0,8.0,9.6345165,1.0,1.0,7.0,57.707,1.0,1.0,1.0,1.2517079999999998,1.0,1.0
1643500800,6001.0,9.7213705,1.0,1.0,5.0,13.494862,1.0,1.0,8.0,10.062834,1.0,1.0,7.0,52.958999,1.0,1.0,1.0,1.161159,1.0,1.0
1644105600,6001.0,6.301031,1.0,1.0,5.0,9.5838925,1.0,1.0,8.0,8.9006,1.0,1.0,7.0,63.9984985,1.0,1.0,1.0,0.806952,2.0,1.0
1644710400,6001.0,7.501177500000001,1.0,1.0,5.0,10.3752185,1.0,1.0,8.0,10.7026845,1.0,1.0,7.0,58.165000500000005,1.0,1.0,1.0,0.8262605000000001,2.0,1.0
1645315200,6001.0,4.00156,1.0,1.0,5.0,7.2161615,1.0,1.0,8.0,7.0851445,1.0,1.0,7.0,65.46700200000001,1.0,1.0,1.0,0.532641,2.0,1.0
1645920000,6001.0,6.434548,1.0,1.0,5.0,10.2654745,1.0,1.0,8.0,8.4522265,1.0,1.0,7.0,69.8819995,1.0,1.0,1.0,0.532641,2.0,1.0
1646524800,6001.0,15.211244,1.0,1.0,5.0,18.39885,1.0,1.0,8.0,18.315945,1.0,1.0,7.0,51.2510025,1.0,1.0,1.0,1.294985,1.0,1.0
1647129600,6001.0,14.0066895,1.0,1.0,5.0,20.321325,1.0,1.0,8.0,14.490214,1.0,1.0,7.0,67.0545,1.0,1.0,1.0,1.932158,1.0,1.0
1647734400,6001.0,19.7794105,1.0,1.0,5.0,25.0842375,1.0,1.0,8.0,12.818009,1.0,1.0,7.0,66.6754985,1.0,1.0,1.0,1.3675575,1.0,1.0
1648339200,6001.0,21.8771635,1.0,1.0,5.0,33.185981,1.0,1.0,8.0,19.9212995,1.0,1.0,7.0,72.1490015,1.0,1.0,1.0,1.5939305,1.0,1.0
1648944000,6001.0,7.865731,1.0,1.0,5.0,17.512929999999997,1.0,1.0,8.0,8.078343499999999,1.0,1.0,7.0,81.0140035,1.0,1.0,1.0,0.8089495,2.0,1.0
1649548800,6001.0,5.5934735,1.0,1.0,5.0,8.763581,1.0,1.0,8.0,7.509641999999999,1.0,1.0,7.0,76.899505,1.0,1.0,1.0,0.532641,2.0,1.0
1650153600,6001.0,8.286657,1.0,1.0,5.0,12.016312,1.0,1.0,8.0,10.738974,1.0,1.0,7.0,75.2294995,1.0,1.0,1.0,1.1252055,1.0,1.0
1650758400,6001.0,9.439575,1.0,1.0,5.0,14.721506,1.0,1.0,8.0,9.1665675,1.0,1.0,7.0,79.497497,1.0,1.0,1.0,1.474752,1.0,1.0
1651363200,6001.0,9.1283355,1.0,1.0,5.0,17.163580500000002,1.0,1.0,8.0,8.5811515,1.0,1.0,7.0,80.5954965,1.0,1.0,1.0,1.322949,1.0,1.0
1651968000,6001.0,9.748202,1.0,1.0,5.0,18.477394,1.0,1.0,8.0,8.313274,1.0,1.0,7.0,83.049003,1.0,1.0,1.0,1.3009775,1.0,1.0
1652572800,6001.0,8.9882285,1.0,1.0,5.0,19.7842125,1.0,1.0,8.0,8.4823095,1.0,1.0,7.0,87.310501,1.0,1.0,1.0,1.4687595,1.0,1.0
1653177600,6001.0,6.988347,1.0,1.0,5.0,15.362081,1.0,1.0,8.0,8.1800515,1.0,1.0,7.0,85.726501,1.0,1.0,1.0,1.5400010000000002,1.0,1.0
1653782400,6001.0,5.459177,1.0,1.0,5.0,10.7634565,1.0,1.0,8.0,6.366029,1.0,1.0,7.0,77.7259975,1.0,1.0,1.0,1.4201565,1.0,1.0
1654387200,6001.0,6.5088815,1.0,1.0,5.0,11.6149115,1.0,1.0,8.0,7.5784015,1.0,1.0,7.0,85.7814975,1.0,1.0,1.0,1.618565,1.0,1.0
1654992000,6001.0,6.871562,1.0,1.0,5.0,13.023243,1.0,1.0,8.0,8.0267745,1.0,1.0,7.0,81.972995,1.0,1.0,1.0,1.6179,1.0,1.0
1655596800,6001.0,6.6198755,1.0,1.0,5.0,16.573013,1.0,1.0,8.0,6.092422,1.0,1.0,7.0,89.03499550000001,1.0,1.0,1.0,1.774363,1.0,1.0
1656201600,6001.0,7.779014500000001,1.0,1.0,5.0,13.4922935,1.0,1.0,8.0,8.259794,1.0,1.0,7.0,85.7970005,1.0,1.0,1.0,1.832288,1.0,1.0
1656806400,6001.0,7.9793565,1.0,1.0,5.0,13.8460315,1.0,1.0,8.0,7.4790815,1.0,1.0,7.0,89.4744985,1.0,1.0,1.0,1.866244,1.0,1.0
1657411200,6001.0,4.864394000000001,1.0,1.0,5.0,10.3703245,1.0,1.0,8.0,4.953585,1.0,1.0,7.0,65.9595025,1.0,1.0,1.0,1.7463995,1.0,1.0
1658016000,6001.0,4.381198,1.0,1.0,5.0,10.37145,1.0,1.0,8.0,4.6852295,1.0,1.0,7.0,70.4519995,1.0,1.0,1.0,0.532641,2.0,1.0
1658620800,6001.0,8.109344,1.0,1.0,5.0,16.044374,1.0,1.0,8.0,8.233054,1.0,1.0,7.0,84.909496,1.0,1.0,1.0,0.532641,2.0,1.0
1659225600,6001.0,5.983961,1.0,1.0,5.0,15.5172935,1.0,1.0,8.0,7.0884865,1.0,1.0,7.0,80.2969965,1.0,1.0,1.0,0.532641,2.0,1.0
1659830400,6001.0,6.1744955,1.0,1.0,5.0,15.320906,1.0,1.0,8.0,6.501639,1.0,1.0,7.0,79.68450100000001,1.0,1.0,1.0,0.532641,2.0,1.0
1660435200,6001.0,7.573055,1.0,1.0,5.0,22.3696315,1.0,1.0,8.0,8.136599499999999,1.0,1.0,7.0,89.681499,1.0,1.0,1.0,0.532641,2.0,1.0
1661040000,6001.0,13.8954225,1.0,1.0,5.0,23.3561635,1.0,1.0,8.0,9.4907895,1.0,1.0,7.0,74.626495,1.0,1.0,1.0,0.532641,2.0,1.0
1661644800,6001.0,11.75992,1.0,1.0,5.0,18.199144,1.0,1.0,8.0,9.1531965,1.0,1.0,7.0,64.5404965,1.0,1.0,1.0,0.532641,2.0,1.0
1662249600,6001.0,4.124478,1.0,1.0,5.0,10.744012,1.0,1.0,8.0,8.5773315,1.0,1.0,7.0,58.167499,1.0,1.0,1.0,0.532641,2.0,1.0
1662854400,6001.0,9.5082735,1.0,1.0,5.0,16.6543115,1.0,1.0,8.0,10.2977645,1.0,1.0,7.0,60.9794995,1.0,1.0,1.0,0.824929,2.0,1.0
1663459200,6001.0,5.042794000000001,1.0,1.0,5.0,9.693675,1.0,1.0,8.0,7.221232,1.0,1.0,7.0,53.265001,1.0,1.0,1.0,0.532641,2.0,1.0
1664064000,6001.0,7.9975895,1.0,1.0,5.0,11.770893,1.0,1.0,8.0,14.192253999999998,1.0,1.0,7.0,40.462501,1.0,1.0,1.0,0.844903,2.0,1.0
1664668800,6001.0,5.80228,1.0,1.0,5.0,9.7012685,1.0,1.0,8.0,10.771445,1.0,1.0,7.0,43.6289995,1.0,1.0,1.0,0.8935065,2.0,1.0
1665273600,6001.0,7.149827,1.0,1.0,5.0,12.0478125,1.0,1.0,8.0,9.7381335,1.0,1.0,7.0,46.3214985,1.0,1.0,1.0,1.2869959999999998,1.0,1.0
1665878400,6001.0,10.4650605,1.0,1.0,5.0,16.517757,1.0,1.0,8.0,15.99818611905252,1.0,1.0,7.0,29.443498,1.0,1.0,1.0,1.3722185,1.0,1.0
1666483200,6001.0,10.621568,1.0,1.0,5.0,15.6816565,1.0,1.0,8.0,13.6140015,1.0,1.0,7.0,32.0884985,1.0,1.0,1.0,1.438133,1.0,1.0
1667088000,6001.0,10.5707505,1.0,1.0,5.0,16.316831,1.0,1.0,8.0,15.047457,1.0,1.0,7.0,28.059999,1.0,1.0,1.0,1.7430705,1.0,1.0
1667692800,6001.0,11.717994,1.0,1.0,5.0,15.2918625,1.0,1.0,8.0,15.648152,1.0,1.0,7.0,30.255998,1.0,1.0,1.0,1.791674,1.0,1.0
1668297600,6001.0,7.4722005,1.0,1.0,5.0,11.4439685,1.0,1.0,8.0,13.2573095,1.0,1.0,7.0,37.0920005,1.0,1.0,1.0,1.8136455,1.0,1.0
1668902400,6001.0,16.6744845,1.0,1.0,5.0,19.042125,1.0,1.0,8.0,16.320949,1.0,1.0,7.0,21.0394985,1.0,1.0,1.0,1.673161,1.0,1.0
1669507200,6001.0,18.61021,1.0,1.0,5.0,21.4008755,1.0,1.0,8.0,20.975142,1.0,1.0,7.0,15.239999,1.0,1.0,1.0,1.599257,1.0,1.0
1670112000,6001.0,32.187396500000006,1.0,1.0,5.0,34.12623550000001,1.0,1.0,8.0,19.6491255,1.0,1.0,7.0,13.4219995,1.0,1.0,1.0,2.0260365,1.0,1.0
1670716800,6001.0,14.0027115,1.0,1.0,5.0,16.3646995,1.0,1.0,8.0,15.5650675,1.0,1.0,7.0,34.252498,1.0,1.0,1.0,0.532641,2.0,1.0
1671321600,6001.0,24.049189,1.0,1.0,5.0,25.773337,1.0,1.0,8.0,24.130939,1.0,1.0,7.0,25.332,1.0,1.0,1.0,0.532641,2.0,1.0
1671926400,6001.0,12.2165505,1.0,1.0,5.0,14.785518,1.0,1.0,8.0,16.9144815,1.0,1.0,7.0,30.835499,1.0,1.0,1.0,0.532641,2.0,1.0
1672531200,6001.0,4.4328335,1.0,1.0,5.0,7.260224,1.0,1.0,8.0,7.5048665,1.0,1.0,7.0,56.5795015,1.0,1.0,1.0,0.532641,2.0,1.0
